Workbook

Sheet Summary
A1: C202 | B1: 46083 | C1: 46084 | D1: 46085 | E1: 46086 | F1: 46087 | G1: 46088 | H1: 46090 | I1: 46091 | J1: 46092 | K1: 46093 | L1: 46094 | M1: 46095 | N1: 46097 | O1: 46098 | P1: 46099 | Q1: 46100 | R1: 46101 | S1: 46102 | T1: 46104 | U1: 46105 | V1: 46106 | W1: 46107 | X1: 46108 | Y1: 46109 | Z1: 46111 | AA1: 46112 | AB1: 46113 | AC1: 46114 | AD1: 46115 | AE1: 46116 | AF1: 46118 | AG1: 46119 | AH1: 46120 | AI1: 46121 | AJ1: 46122 | AK1: 46123 | AL1: 46125 | AM1: 46126 | AN1: 46127 | AO1: 46128 | AP1: 46129 | AQ1: 46130 | AR1: 46132 | AS1: 46133 | AT1: 46134 | AU1: 46135 | AV1: 46136 | AW1: 46137 | AX1: 46139 | AY1: 46140 | AZ1: 46141 | BA1: 46142 | BB1: 46143 | BC1: 46146 | BD1: 46147 | BE1: 46148 | BF1: 46149 | BG1: 46150 | BH1: 46151 | BI1: 46153 | BJ1: 46154 | BK1: 46155 | BL1: 46156 | BM1: 46157 | BN1: 46158 | BO1: 46160 | BP1: 46161 | BQ1: 46162 | BR1: 46163 | BS1: 46164 | BT1: 46165 | BU1: 46167 | BV1: 46168 | BW1: 46169 | BX1: 46170 | BY1: 46171 | BZ1: 46172 | CA1: 46173 | DO1: C202 | DP1: W15(4/6~11) | DQ1: W16(4/13~18) | DR1: W17(4/20~25) | DU1: Failure Mode | DW1: Description | EA1: 原因 | EB1: 對策 | EC1: 進度
A2: Total Fail Rate | B2: 0.0074 | C2: 0.0058 | D2: 0.0044 | E2: 0.0027 | F2: 0.0073 | G2: 0.0242 | H2: 0.0082 | I2: 0.0033 | J2: 0.0062 | K2: 0.0114 | L2: 0.0092 | M2: 0.0049 | N2: 0.0385 | O2: 0.039 | P2: 0.0364 | Q2: 0.0596 | R2: 0.044 | S2: 0.0431 | T2: 0.0441 | U2: 0.0531 | V2: 3.36% | W2: 3.68% | X2: 8.92% | Y2: 11.32% | Z2: ='C202'!$B509 -> 5.97% | AA2: ='C202'!$B530 -> 5.29% | AB2: {=INDEX('C202'!$H:$H,5+(COLUMN()-28)*21)} -> 4.47% | AC2: {=INDEX('C202'!$H:$H,5+(COLUMN()-28)*21)} -> 3.91% | AD2: {=INDEX('C202'!$H:$H,5+(COLUMN()-28)*21)} -> 2.65% | AE2: {=INDEX('C202'!$H:$H,5+(COLUMN()-28)*21)} -> 6.22% | AF2: {=INDEX('C202'!$H:$H,5+(COLUMN()-28)*21)} -> 8.52% | AG2: {=INDEX('C202'!$H:$H,5+(COLUMN()-28)*21)} -> 10.61% | AH2: {=INDEX('C202'!$H:$H,5+(COLUMN()-28)*21)} -> 8.49% | AI2: {=INDEX('C202'!$H:$H,5+(COLUMN()-28)*21)} -> 7.19% | ... AY2: {=INDEX('C202'!$H:$H,5+(COLUMN()-28)*21)} -> 9.86% | AZ2: {=_xlfn.NUMBERVALUE(INDEX('C202'!$H:$H,5+(COLUMN()-28)*21))} -> 0.0911 | BA2: {=INDEX('C202'!$H:$H,5+(COLUMN()-28)*21)} -> 10.70% | BB2: {=_xlfn.NUMBERVALUE(INDEX('C202'!$N:$N,5+(COLUMN()-54)*21))} -> 0.0884 | BC2: {=_xlfn.NUMBERVALUE(INDEX('C202'!$N:$N,5+(COLUMN()-54)*21))} -> 0.1839 | BD2: {=_xlfn.NUMBERVALUE(INDEX('C202'!$N:$N,5+(COLUMN()-54)*21))} -> 0.0814 | BE2: {=_xlfn.NUMBERVALUE(INDEX('C202'!$N:$N,5+(COLUMN()-54)*21))} -> 0.1252 | BF2: {=_xlfn.NUMBERVALUE(INDEX('C202'!$N:$N,5+(COLUMN()-54)*21))} -> 0.0335 | BG2: {=_xlfn.NUMBERVALUE(INDEX('C202'!$N:$N,5+(COLUMN()-54)*21))} -> 0.0813 | BH2: {=_xlfn.NUMBERVALUE(INDEX('C202'!$N:$N,5+(COLUMN()-54)*21))} -> 0.0543 | BI2: {=_xlfn.NUMBERVALUE(INDEX('C202'!$N:$N,5+(COLUMN()-54)*21))} -> 0.0804 | ... CA2: {=_xlfn.NUMBERVALUE(INDEX('C202'!$N:$N,5+(COLUMN()-54)*21))} -> 0 | DO2: Total | DP2: {=INDEX('C202'!$H:$H,3+4*21)+INDEX('C202'!$H:$H,3+5*21)+INDEX('C202'!$H:$H,3+6*21)+INDEX('C202'!$H:$H,3+7*21)+INDEX('C202'!$H:$H,3+8*21)+INDEX('C202'!$H:$H,3+9*21)} -> 15818 | DQ2: {=INDEX('C202'!$H:$H,3+10*21)+INDEX('C202'!$H:$H,3+11*21)+INDEX('C202'!$H:$H,3+12*21)+INDEX('C202'!$H:$H,3+13*21)+INDEX('C202'!$H:$H,3+14*21)+INDEX('C202'!$H:$H,3+15*21)} -> 18303 | DR2: {=INDEX('C202'!$H:$H,3+16*21)+INDEX('C202'!$H:$H,3+17*21)+INDEX('C202'!$H:$H,3+18*21)+INDEX('C202'!$H:$H,3+19*21)+INDEX('C202'!$H:$H,3+20*21)+INDEX('C202'!$H:$H,3+21*21)} -> 18024 | DU2: 1 | DV2: 參數調用錯誤 | DW2: 單條線不同設備有多種參數組合 | EA2: 換線未確認測試參數 | EB2: 製造試線過程找TE確認duty | EC2: 試線TE確認duty | ED2: On-going
A3: Noise Rate | B3: 0.0065 | C3: 0 | D3: 0 | E3: 0 | F3: 0 | G3: 0 | H3: 0.0027 | I3: 0 | J3: 0.0021 | K3: 0.0005 | L3: 0.001 | M3: 0 | N3: 0.0248 | O3: 0.0367 | P3: 0.0302 | Q3: 0.0344 | R3: 0.0175 | S3: 0.0319 | T3: 0.0344 | U3: 0.0423 | V3: 2.47% | W3: 3.48% | X3: 8.22% | Y3: 11.16% | Z3: ='C202'!$B510 -> 5.26% | AA3: ='C202'!$B531 -> 4.74% | AB3: {=INDEX('C202'!$H:$H,6+(COLUMN()-28)*21)} -> 4.15% | AC3: {=INDEX('C202'!$H:$H,6+(COLUMN()-28)*21)} -> 3.47% | AD3: {=INDEX('C202'!$H:$H,6+(COLUMN()-28)*21)} -> 2.43% | AE3: {=INDEX('C202'!$H:$H,6+(COLUMN()-28)*21)} -> 5.85% | AF3: {=INDEX('C202'!$H:$H,6+(COLUMN()-28)*21)} -> 7.44% | AG3: {=INDEX('C202'!$H:$H,6+(COLUMN()-28)*21)} -> 7.84% | AH3: {=INDEX('C202'!$H:$H,6+(COLUMN()-28)*21)} -> 7.42% | AI3: {=INDEX('C202'!$H:$H,6+(COLUMN()-28)*21)} -> 6.58% | ... AY3: {=INDEX('C202'!$H:$H,6+(COLUMN()-28)*21)} -> 9.81% | AZ3: {=_xlfn.NUMBERVALUE(INDEX('C202'!$H:$H,6+(COLUMN()-28)*21))} -> 0.0905 | BA3: {=INDEX('C202'!$H:$H,6+(COLUMN()-28)*21)} -> 10.55% | BB3: {=_xlfn.NUMBERVALUE(INDEX('C202'!$N:$N,6+(COLUMN()-54)*21))} -> 0.0616 | BC3: {=_xlfn.NUMBERVALUE(INDEX('C202'!$N:$N,6+(COLUMN()-54)*21))} -> 0.1189 | BD3: {=_xlfn.NUMBERVALUE(INDEX('C202'!$N:$N,6+(COLUMN()-54)*21))} -> 0.0665 | BE3: {=_xlfn.NUMBERVALUE(INDEX('C202'!$N:$N,6+(COLUMN()-54)*21))} -> 0.1135 | BF3: {=_xlfn.NUMBERVALUE(INDEX('C202'!$N:$N,6+(COLUMN()-54)*21))} -> 0.0311 | BG3: {=_xlfn.NUMBERVALUE(INDEX('C202'!$N:$N,6+(COLUMN()-54)*21))} -> 0.0387 | BH3: {=_xlfn.NUMBERVALUE(INDEX('C202'!$N:$N,6+(COLUMN()-54)*21))} -> 0.0213 | BI3: {=_xlfn.NUMBERVALUE(INDEX('C202'!$N:$N,6+(COLUMN()-54)*21))} -> 0.0493 | ... CA3: {=_xlfn.NUMBERVALUE(INDEX('C202'!$N:$N,6+(COLUMN()-54)*21))} -> 0 | DO3: Noise Fail | DP3: {=INDEX('C202'!$H:$H,9+4*21)+INDEX('C202'!$H:$H,9+5*21)+INDEX('C202'!$H:$H,9+6*21)+INDEX('C202'!$H:$H,9+7*21)+INDEX('C202'!$H:$H,9+8*21)+INDEX('C202'!$H:$H,9+9*21)} -> 1383 | DQ3: {=INDEX('C202'!$H:$H,9+10*21)+INDEX('C202'!$H:$H,9+11*21)+INDEX('C202'!$H:$H,9+12*21)+INDEX('C202'!$H:$H,9+13*21)+INDEX('C202'!$H:$H,9+14*21)+INDEX('C202'!$H:$H,9+15*21)} -> 1539 | DR3: {=INDEX('C202'!$H:$H,9+16*21)+INDEX('C202'!$H:$H,9+17*21)+INDEX('C202'!$H:$H,9+18*21)+INDEX('C202'!$H:$H,9+19*21)+INDEX('C202'!$H:$H,9+20*21)+INDEX('C202'!$H:$H,9+21*21)} -> 1669 | EA3: 設備重啟無確認測試參數 | EB3: 製造一、二課需學習調整duty | EC3: 教材已完成，製造課長學習調整duty | ED3: TBD
A4: RPM Fail Rate | B4: 0.0009 | C4: 0.0038 | D4: 0.0017 | E4: 0.0027 | F4: 0.0049 | G4: 0.0235 | H4: 0.0027 | I4: 0.0039 | J4: 0.0014 | K4: 0.009 | L4: 0.0062 | M4: 0.0037 | N4: 0.0138 | O4: 0.0023 | P4: 0.0091 | Q4: 0.0272 | R4: 0.0205 | S4: 0.0054 | T4: 0.0044 | U4: 0.0052 | V4: 0.62% | W4: 0.07% | X4: 0.57% | Y4: 0.17% | Z4: ='C202'!$B511 -> 0.65% | AA4: ='C202'!$B532 -> 0.32% | AB4: {=INDEX('C202'!$H:$H,7+(COLUMN()-28)*21)} -> 0.28% | AC4: {=INDEX('C202'!$H:$H,7+(COLUMN()-28)*21)} -> 0.41% | AD4: {=INDEX('C202'!$H:$H,7+(COLUMN()-28)*21)} -> 0.22% | AE4: {=INDEX('C202'!$H:$H,7+(COLUMN()-28)*21)} -> 0.37% | AF4: {=INDEX('C202'!$H:$H,7+(COLUMN()-28)*21)} -> 1.08% | AG4: {=INDEX('C202'!$H:$H,7+(COLUMN()-28)*21)} -> 2.71% | AH4: {=INDEX('C202'!$H:$H,7+(COLUMN()-28)*21)} -> 1.07% | AI4: {=INDEX('C202'!$H:$H,7+(COLUMN()-28)*21)} -> 0.61% | ... AY4: {=INDEX('C202'!$H:$H,7+(COLUMN()-28)*21)} -> 0.09% | AZ4: {=_xlfn.NUMBERVALUE(INDEX('C202'!$H:$H,7+(COLUMN()-28)*21))} -> 0.0003 | BA4: {=INDEX('C202'!$H:$H,7+(COLUMN()-28)*21)} -> 0.14% | BB4: {=_xlfn.NUMBERVALUE(INDEX('C202'!$N:$N,7+(COLUMN()-54)*21))} -> 0.0271 | BC4: {=_xlfn.NUMBERVALUE(INDEX('C202'!$N:$N,7+(COLUMN()-54)*21))} -> 0.065 | BD4: {=_xlfn.NUMBERVALUE(INDEX('C202'!$N:$N,7+(COLUMN()-54)*21))} -> 0.0154 | BE4: {=_xlfn.NUMBERVALUE(INDEX('C202'!$N:$N,7+(COLUMN()-54)*21))} -> 0.0124 | BF4: {=_xlfn.NUMBERVALUE(INDEX('C202'!$N:$N,7+(COLUMN()-54)*21))} -> 0.003 | BG4: {=_xlfn.NUMBERVALUE(INDEX('C202'!$N:$N,7+(COLUMN()-54)*21))} -> 0.0423 | BH4: {=_xlfn.NUMBERVALUE(INDEX('C202'!$N:$N,7+(COLUMN()-54)*21))} -> 0.033 | BI4: {=_xlfn.NUMBERVALUE(INDEX('C202'!$N:$N,7+(COLUMN()-54)*21))} -> 0.0311 | ... CA4: {=_xlfn.NUMBERVALUE(INDEX('C202'!$N:$N,7+(COLUMN()-54)*21))} -> 0 | DO4: RPM Fail | DP4: {=INDEX('C202'!$H:$H,15+4*21)+INDEX('C202'!$H:$H,15+5*21)+INDEX('C202'!$H:$H,15+6*21)+INDEX('C202'!$H:$H,15+7*21)+INDEX('C202'!$H:$H,15+8*21)+INDEX('C202'!$H:$H,15+9*21)} -> 197 | DQ4: {=INDEX('C202'!$H:$H,15+10*21)+INDEX('C202'!$H:$H,15+11*21)+INDEX('C202'!$H:$H,15+12*21)+INDEX('C202'!$H:$H,15+13*21)+INDEX('C202'!$H:$H,15+14*21)+INDEX('C202'!$H:$H,15+15*21)} -> 253 | DR4: {=INDEX('C202'!$H:$H,15+16*21)+INDEX('C202'!$H:$H,15+17*21)+INDEX('C202'!$H:$H,15+18*21)+INDEX('C202'!$H:$H,15+19*21)+INDEX('C202'!$H:$H,15+20*21)+INDEX('C202'!$H:$H,15+21*21)} -> 38 | DU4: 2 | DV4: 治具異常 | DW4: 無轉速/失控/無條碼的數量平均分布 | EA4: 治具異常管理 | EB4: 載具ID；測試軟體配置上傳載具ID | EC4: 燒錄設備已完成，201已完成，其餘待展開 | ED4: 46143
A5: Other Fail Rate | B5: 0.0009 | C5: 0 | D5: 0 | E5: 0 | F5: 0 | G5: 0.0006 | H5: 0 | I5: 0 | J5: 0 | K5: 0 | L5: 0.0005 | M5: 0 | N5: 0 | O5: 0 | P5: 0 | Q5: 0 | R5: 0 | S5: 0 | T5: 0 | U5: 0 | V5: 0 | W5: 0.00% | X5: 0.00% | Y5: 1.49% | Z5: ='C202'!$B512 -> 0.12% | AA5: ='C202'!$B533 -> 0.05% | AB5: {=INDEX('C202'!$H:$H,8+(COLUMN()-28)*21)} -> 0.05% | AC5: {=INDEX('C202'!$H:$H,8+(COLUMN()-28)*21)} -> 0.03% | AD5: {=INDEX('C202'!$H:$H,8+(COLUMN()-28)*21)} -> 0.04% | AE5: {=INDEX('C202'!$H:$H,8+(COLUMN()-28)*21)} -> 0.00% | AF5: {=INDEX('C202'!$H:$H,8+(COLUMN()-28)*21)} -> 0.00% | AG5: {=INDEX('C202'!$H:$H,8+(COLUMN()-28)*21)} -> 0.08% | AH5: {=INDEX('C202'!$H:$H,8+(COLUMN()-28)*21)} -> 0.00% | AI5: {=INDEX('C202'!$H:$H,8+(COLUMN()-28)*21)} -> 0.00% | ... AY5: {=INDEX('C202'!$H:$H,8+(COLUMN()-28)*21)} -> 0.00% | AZ5: {=_xlfn.NUMBERVALUE(INDEX('C202'!$H:$H,8+(COLUMN()-28)*21))} -> 0.0003 | BA5: {=INDEX('C202'!$H:$H,8+(COLUMN()-28)*21)} -> 0.03% | BB5: {=_xlfn.NUMBERVALUE(INDEX('C202'!$N:$N,8+(COLUMN()-54)*21))} -> 0 | BC5: {=_xlfn.NUMBERVALUE(INDEX('C202'!$N:$N,8+(COLUMN()-54)*21))} -> 0.0007 | BD5: {=_xlfn.NUMBERVALUE(INDEX('C202'!$N:$N,8+(COLUMN()-54)*21))} -> 0.0004 | BE5: {=_xlfn.NUMBERVALUE(INDEX('C202'!$N:$N,8+(COLUMN()-54)*21))} -> 0.0004 | BF5: {=_xlfn.NUMBERVALUE(INDEX('C202'!$N:$N,8+(COLUMN()-54)*21))} -> 0 | BG5: {=_xlfn.NUMBERVALUE(INDEX('C202'!$N:$N,8+(COLUMN()-54)*21))} -> 0.0075 | BH5: {=_xlfn.NUMBERVALUE(INDEX('C202'!$N:$N,8+(COLUMN()-54)*21))} -> 0 | BI5: {=_xlfn.NUMBERVALUE(INDEX('C202'!$N:$N,8+(COLUMN()-54)*21))} -> 0.0017 | ... CA5: {=_xlfn.NUMBERVALUE(INDEX('C202'!$N:$N,8+(COLUMN()-54)*21))} -> 0 | DO5: Others Fail | DP5: {=INDEX('C202'!$H:$H,18+4*21)+INDEX('C202'!$H:$H,18+5*21)+INDEX('C202'!$H:$H,18+6*21)+INDEX('C202'!$H:$H,18+7*21)+INDEX('C202'!$H:$H,18+8*21)+INDEX('C202'!$H:$H,18+9*21)} -> 4 | DQ5: {=INDEX('C202'!$H:$H,18+10*21)+INDEX('C202'!$H:$H,18+11*21)+INDEX('C202'!$H:$H,18+12*21)+INDEX('C202'!$H:$H,18+13*21)+INDEX('C202'!$H:$H,18+14*21)+INDEX('C202'!$H:$H,18+15*21)} -> 28 | DR5: {=INDEX('C202'!$H:$H,18+16*21)+INDEX('C202'!$H:$H,18+17*21)+INDEX('C202'!$H:$H,18+18*21)+INDEX('C202'!$H:$H,18+19*21)+INDEX('C202'!$H:$H,18+20*21)+INDEX('C202'!$H:$H,18+21*21)} -> 3 | EA5: Fail | EB5: error code上傳至設備(載具、中轉板自動排查) | EC5: 軟體功能未完成 | ED5: 46143
A6: Failure Mode | N6: 1, 4 | O6: 1, 4, 6 | P6: 1, 4, 6 | Q6: 1, 4, 6 | R6: 1, 4 | S6: 1, 4, 6 | T6: 4, 6 | U6: 4, 6 | V6: 4 | W6: 4, 6 | X6: 4, 6 | Y6: 4, 6 | Z6: 4, 6 | BU6: 更換機種沒找TE調參數 | DO6: Tag | DP6: 音頻含有異音 | DQ6: 音頻含有異音 | DR6: 音頻含有異音 | DU6: 3 | DV6: 機構異常 | DW6: 單台機無轉速/無條碼 | EA6: 探針故障 | EB6: 測試軟件增加一D地址，輸出判斷status | EC6: 人機統計功能已完成於C217，未展開 | ED6: 驗證Status後，確認OK後進行
A7: Shut down device | B7: 1 | C7: 2 | D7: 2 | E7: 2 | F7: 2 | G7: 2 | H7: 2 | I7: 2 | J7: 2 | K7: 2 | L7: 2 | M7: 2 | N7: 1 | O7: 1 | P7: 1 | Q7: 1 | R7: 1 | S7: 1 | T7: 1 | U7: 1 | V7: 1 | W7: =COUNTIFS('C202'!$C$444:$H$444,"=0") -> 1 | X7: =COUNTIFS('C202'!$C$465:$H$465,"=0") -> 1 | Y7: =COUNTIFS('C202'!$C$486:$H$486,"=0") -> 1 | Z7: =COUNTIFS('C202'!$C$507:$H$507,"=0") -> 1 | AA7: =COUNTIFS('C202'!$C$528:$H$528,"=0") -> 1 | DQ7: 中轉版故障 | EB7: Status定義已完成，測試軟體待更新 | EC7: Status定義已完成，測試軟體待更新 | ED7: 46142
A8: C203 | B8: 46083 | C8: 46084 | D8: 46085 | E8: 46086 | F8: 46087 | G8: 46088 | H8: 46090 | I8: 46091 | J8: 46092 | K8: 46093 | L8: 46094 | M8: 46095 | N8: 46097 | O8: 46098 | P8: 46099 | Q8: 46100 | R8: 46101 | S8: 46102 | T8: 46104 | U8: 46105 | V8: 46106 | W8: 46107 | X8: 46108 | Y8: 46109 | Z8: 46111 | AA8: 46112 | AB8: 46113 | AC8: 46114 | AD8: 46115 | AE8: 46116 | AF8: 46118 | AG8: 46119 | AH8: 46120 | AI8: 46121 | AJ8: 46122 | AK8: 46123 | AL8: 46125 | AM8: 46126 | AN8: 46127 | AO8: 46128 | AP8: 46129 | AQ8: 46130 | AR8: 46132 | AS8: 46133 | AT8: 46134 | AU8: 46135 | AV8: 46136 | AW8: 46137 | AX8: 46139 | AY8: 46140 | AZ8: 46141 | BA8: 46142 | BB8: 46143 | BC8: 46146 | BD8: 46147 | BE8: 46148 | BF8: 46149 | BG8: 46150 | BH8: 46151 | BI8: 46153 | BJ8: 46154 | BK8: 46155 | BL8: 46156 | BM8: 46157 | BN8: 46158 | BO8: 46160 | BP8: 46161 | BQ8: 46162 | BR8: 46163 | BS8: 46164 | BT8: 46165 | BU8: 46167 | BV8: 46168 | BW8: 46169 | BX8: 46170 | BY8: 46171 | BZ8: 46172 | CA8: 46173 | DO8: C203 | DP8: W15(4/6~11) | DQ8: W16(4/13~18) | DR8: W17(4/20~25) | DU8: 4 | DV8: 音訊部件異常 | DW8: 音頻檔有爆音、dB值較低，或麥克風位置異常 | EA8: 麥克風位置偏移、麥克風/信號線故障、隔音箱內部氣管漏氣 | EB8: 新增異音自檢功能 | EC8: 已完成 | ED8: 46143
A9: Total Fail Rate | G9: 0.0658 | H9: 0.0802 | I9: 0.0858 | J9: 0.0634 | K9: 0.0874 | L9: 0.1028 | M9: 0.1271 | N9: 0.082 | O9: 0.1536 | P9: 0.1185 | Q9: 0.1145 | R9: 0.1347 | S9: 0.0989 | T9: 0.1501 | U9: 0.1248 | V9: 12.05% | W9: 10.59% | X9: 22.63% | Y9: 22.21% | Z9: ='C203'!$B404 -> 20.59% | AA9: ='C203'!$B425 -> 19.90% | AB9: {=INDEX('C203'!$H:$H,5+(COLUMN()-28)*21)} -> 14.66% | AC9: {=INDEX('C203'!$H:$H,5+(COLUMN()-28)*21)} -> 16.22% | AD9: {=INDEX('C203'!$H:$H,5+(COLUMN()-28)*21)} -> 12.97% | AE9: {=INDEX('C203'!$H:$H,5+(COLUMN()-28)*21)} -> 9.14% | AF9: {=INDEX('C203'!$H:$H,5+(COLUMN()-28)*21)} -> 17.39% | AG9: {=INDEX('C203'!$H:$H,5+(COLUMN()-28)*21)} -> 17.50% | AH9: {=INDEX('C203'!$H:$H,5+(COLUMN()-28)*21)} -> 13.24% | AI9: {=INDEX('C203'!$H:$H,5+(COLUMN()-28)*21)} -> 12.62% | ... BA9: {=INDEX('C203'!$H:$H,5+(COLUMN()-28)*21)} -> 11.65% | BB9: {=_xlfn.NUMBERVALUE(INDEX('C203'!$N:$N,5+(COLUMN()-54)*21))} -> 0.0942 | BC9: {=_xlfn.NUMBERVALUE(INDEX('C203'!$N:$N,5+(COLUMN()-54)*21))} -> 0.1121 | BD9: {=_xlfn.NUMBERVALUE(INDEX('C203'!$N:$N,5+(COLUMN()-54)*21))} -> 0.1209 | BE9: {=_xlfn.NUMBERVALUE(INDEX('C203'!$N:$N,5+(COLUMN()-54)*21))} -> 0.1233 | BF9: {=_xlfn.NUMBERVALUE(INDEX('C203'!$N:$N,5+(COLUMN()-54)*21))} -> 0.1471 | BG9: {=_xlfn.NUMBERVALUE(INDEX('C203'!$N:$N,5+(COLUMN()-54)*21))} -> 0.1367 | BH9: {=_xlfn.NUMBERVALUE(INDEX('C203'!$N:$N,5+(COLUMN()-54)*21))} -> 0.0741 | BI9: {=_xlfn.NUMBERVALUE(INDEX('C203'!$N:$N,5+(COLUMN()-54)*21))} -> 0 | ... CA9: {=_xlfn.NUMBERVALUE(INDEX('C203'!$N:$N,5+(COLUMN()-54)*21))} -> 0 | DO9: Total | DP9: {=INDEX('C203'!$H:$H,3+4*21)+INDEX('C203'!$H:$H,3+5*21)+INDEX('C203'!$H:$H,3+6*21)+INDEX('C203'!$H:$H,3+7*21)+INDEX('C203'!$H:$H,3+8*21)+INDEX('C203'!$H:$H,3+9*21)} -> 10296 | DQ9: {=INDEX('C203'!$H:$H,3+10*21)+INDEX('C203'!$H:$H,3+11*21)+INDEX('C203'!$H:$H,3+12*21)+INDEX('C203'!$H:$H,3+13*21)+INDEX('C203'!$H:$H,3+14*21)+INDEX('C203'!$H:$H,3+15*21)} -> 18739 | DR9: {=INDEX('C203'!$H:$H,3+16*21)+INDEX('C203'!$H:$H,3+17*21)+INDEX('C203'!$H:$H,3+18*21)+INDEX('C203'!$H:$H,3+19*21)+INDEX('C203'!$H:$H,3+20*21)+INDEX('C203'!$H:$H,3+21*21)} -> 16747 | EB9: 配置操作說明 | EC9: 已完成
A10: Noise Rate | G10: 0.0466 | H10: 0.0271 | I10: 0.0353 | J10: 0.0386 | K10: 0.0636 | L10: 0.0797 | M10: 0.0961 | N10: 0.0516 | O10: 0.1123 | P10: 0.0818 | Q10: 0.0731 | R10: 0.0716 | S10: 0.0431 | T10: 0.0504 | U10: 0.0635 | V10: 7.58% | W10: 6.01% | X10: 9.23% | Y10: 14.93% | Z10: ='C203'!$B405 -> 16.04% | AA10: ='C203'!$B426 -> 10.87% | AB10: {=INDEX('C203'!$H:$H,6+(COLUMN()-28)*21)} -> 8.85% | AC10: {=INDEX('C203'!$H:$H,6+(COLUMN()-28)*21)} -> 7.01% | AD10: {=INDEX('C203'!$H:$H,6+(COLUMN()-28)*21)} -> 5.83% | AE10: {=INDEX('C203'!$H:$H,6+(COLUMN()-28)*21)} -> 0.00% | AF10: {=INDEX('C203'!$H:$H,6+(COLUMN()-28)*21)} -> 11.37% | AG10: {=INDEX('C203'!$H:$H,6+(COLUMN()-28)*21)} -> 12.22% | AH10: {=INDEX('C203'!$H:$H,6+(COLUMN()-28)*21)} -> 7.79% | AI10: {=INDEX('C203'!$H:$H,6+(COLUMN()-28)*21)} -> 10.08% | ... BA10: {=INDEX('C203'!$H:$H,6+(COLUMN()-28)*21)} -> 8.32% | BB10: {=_xlfn.NUMBERVALUE(INDEX('C203'!$N:$N,6+(COLUMN()-54)*21))} -> 0.0678 | BC10: {=_xlfn.NUMBERVALUE(INDEX('C203'!$N:$N,6+(COLUMN()-54)*21))} -> 0.0605 | BD10: {=_xlfn.NUMBERVALUE(INDEX('C203'!$N:$N,6+(COLUMN()-54)*21))} -> 0.0979 | BE10: {=_xlfn.NUMBERVALUE(INDEX('C203'!$N:$N,6+(COLUMN()-54)*21))} -> 0.1153 | BF10: {=_xlfn.NUMBERVALUE(INDEX('C203'!$N:$N,6+(COLUMN()-54)*21))} -> 0.1269 | BG10: {=_xlfn.NUMBERVALUE(INDEX('C203'!$N:$N,6+(COLUMN()-54)*21))} -> 0.1048 | BH10: {=_xlfn.NUMBERVALUE(INDEX('C203'!$N:$N,6+(COLUMN()-54)*21))} -> 0.0699 | BI10: {=_xlfn.NUMBERVALUE(INDEX('C203'!$N:$N,6+(COLUMN()-54)*21))} -> 0 | ... CA10: {=_xlfn.NUMBERVALUE(INDEX('C203'!$N:$N,6+(COLUMN()-54)*21))} -> 0 | DO10: Noise Fail | DP10: {=INDEX('C203'!$H:$H,9+4*21)+INDEX('C203'!$H:$H,9+5*21)+INDEX('C203'!$H:$H,9+6*21)+INDEX('C203'!$H:$H,9+7*21)+INDEX('C203'!$H:$H,9+8*21)+INDEX('C203'!$H:$H,9+9*21)} -> 1093 | DQ10: {=INDEX('C203'!$H:$H,9+10*21)+INDEX('C203'!$H:$H,9+11*21)+INDEX('C203'!$H:$H,9+12*21)+INDEX('C203'!$H:$H,9+13*21)+INDEX('C203'!$H:$H,9+14*21)+INDEX('C203'!$H:$H,9+15*21)} -> 2059 | DR10: {=INDEX('C203'!$H:$H,9+16*21)+INDEX('C203'!$H:$H,9+17*21)+INDEX('C203'!$H:$H,9+18*21)+INDEX('C203'!$H:$H,9+19*21)+INDEX('C203'!$H:$H,9+20*21)+INDEX('C203'!$H:$H,9+21*21)} -> 1619 | EB10: 平展
A11: RPM Fail Rate | G11: 0.0192 | H11: 0.0531 | I11: 0.0505 | J11: 0.0248 | K11: 0.0238 | L11: 0.0231 | M11: 0.031 | N11: 0.0304 | O11: 0.051 | P11: 0.0434 | Q11: 0.0592 | R11: 0.0643 | S11: 0.0558 | T11: 0.0997 | U11: 0.061 | V11: 4.47% | W11: 4.58% | X11: 13.39% | Y11: 7.20% | Z11: ='C203'!$B406 -> 4.55% | AA11: ='C203'!$B427 -> 9.04% | AB11: {=INDEX('C203'!$H:$H,7+(COLUMN()-28)*21)} -> 5.81% | AC11: {=INDEX('C203'!$H:$H,7+(COLUMN()-28)*21)} -> 9.13% | AD11: {=INDEX('C203'!$H:$H,7+(COLUMN()-28)*21)} -> 7.14% | AE11: {=INDEX('C203'!$H:$H,7+(COLUMN()-28)*21)} -> 8.88% | AF11: {=INDEX('C203'!$H:$H,7+(COLUMN()-28)*21)} -> 6.02% | AG11: {=INDEX('C203'!$H:$H,7+(COLUMN()-28)*21)} -> 5.33% | AH11: {=INDEX('C203'!$H:$H,7+(COLUMN()-28)*21)} -> 5.46% | AI11: {=INDEX('C203'!$H:$H,7+(COLUMN()-28)*21)} -> 2.47% | ... BA11: {=INDEX('C203'!$H:$H,7+(COLUMN()-28)*21)} -> 3.33% | BB11: {=_xlfn.NUMBERVALUE(INDEX('C203'!$N:$N,7+(COLUMN()-54)*21))} -> 0.0264 | BC11: {=_xlfn.NUMBERVALUE(INDEX('C203'!$N:$N,7+(COLUMN()-54)*21))} -> 0.0516 | BD11: {=_xlfn.NUMBERVALUE(INDEX('C203'!$N:$N,7+(COLUMN()-54)*21))} -> 0.0231 | BE11: {=_xlfn.NUMBERVALUE(INDEX('C203'!$N:$N,7+(COLUMN()-54)*21))} -> 0.008 | BF11: {=_xlfn.NUMBERVALUE(INDEX('C203'!$N:$N,7+(COLUMN()-54)*21))} -> 0.0202 | BG11: {=_xlfn.NUMBERVALUE(INDEX('C203'!$N:$N,7+(COLUMN()-54)*21))} -> 0.0318 | BH11: {=_xlfn.NUMBERVALUE(INDEX('C203'!$N:$N,7+(COLUMN()-54)*21))} -> 0.0042 | BI11: {=_xlfn.NUMBERVALUE(INDEX('C203'!$N:$N,7+(COLUMN()-54)*21))} -> 0 | ... CA11: {=_xlfn.NUMBERVALUE(INDEX('C203'!$N:$N,7+(COLUMN()-54)*21))} -> 0 | DO11: RPM Fail | DP11: {=INDEX('C203'!$H:$H,15+4*21)+INDEX('C203'!$H:$H,15+5*21)+INDEX('C203'!$H:$H,15+6*21)+INDEX('C203'!$H:$H,15+7*21)+INDEX('C203'!$H:$H,15+8*21)+INDEX('C203'!$H:$H,15+9*21)} -> 431 | DQ11: {=INDEX('C203'!$H:$H,15+10*21)+INDEX('C203'!$H:$H,15+11*21)+INDEX('C203'!$H:$H,15+12*21)+INDEX('C203'!$H:$H,15+13*21)+INDEX('C203'!$H:$H,15+14*21)+INDEX('C203'!$H:$H,15+15*21)} -> 971 | DR11: {=INDEX('C203'!$H:$H,15+16*21)+INDEX('C203'!$H:$H,15+17*21)+INDEX('C203'!$H:$H,15+18*21)+INDEX('C203'!$H:$H,15+19*21)+INDEX('C203'!$H:$H,15+20*21)+INDEX('C203'!$H:$H,15+21*21)} -> 441 | DU11: 5 | DV11: 測試參數定義錯誤 | DW11: 未達到合適的轉速、index | EA11: 新機種未確認工作duty | EB11: 測試程序調用要求加入OI中
A12: Other Fail Rate | G12: 0 | H12: 0 | I12: 0.001 | J12: 0.0007 | K12: 0.0016 | L12: 0.0009 | M12: 0.0021 | N12: 0.0174 | O12: 0.0109 | P12: 0.0008 | Q12: 0 | R12: 0 | S12: 0 | T12: 0 | U12: 0.001 | V12: 0.25% | W12: 0.07% | X12: 9.08% | Y12: 0.08% | Z12: ='C203'!$B407 -> 0.00% | AA12: ='C203'!$B428 -> 0.00% | AB12: {=INDEX('C203'!$H:$H,8+(COLUMN()-28)*21)} -> 0.00% | AC12: {=INDEX('C203'!$H:$H,8+(COLUMN()-28)*21)} -> 0.00% | AD12: {=INDEX('C203'!$H:$H,8+(COLUMN()-28)*21)} -> 0.00% | AE12: {=INDEX('C203'!$H:$H,8+(COLUMN()-28)*21)} -> 0.00% | AF12: {=INDEX('C203'!$H:$H,8+(COLUMN()-28)*21)} -> 0.00% | AG12: {=INDEX('C203'!$H:$H,8+(COLUMN()-28)*21)} -> 0.00% | AH12: {=INDEX('C203'!$H:$H,8+(COLUMN()-28)*21)} -> 0.16% | AI12: {=INDEX('C203'!$H:$H,8+(COLUMN()-28)*21)} -> 0.00% | ... BA12: {=INDEX('C203'!$H:$H,8+(COLUMN()-28)*21)} -> 0.32% | BB12: {=_xlfn.NUMBERVALUE(INDEX('C203'!$N:$N,8+(COLUMN()-54)*21))} -> 0.0013 | BC12: {=_xlfn.NUMBERVALUE(INDEX('C203'!$N:$N,8+(COLUMN()-54)*21))} -> 0.028 | BD12: {=_xlfn.NUMBERVALUE(INDEX('C203'!$N:$N,8+(COLUMN()-54)*21))} -> 0 | BE12: {=_xlfn.NUMBERVALUE(INDEX('C203'!$N:$N,8+(COLUMN()-54)*21))} -> 0.0016 | BF12: {=_xlfn.NUMBERVALUE(INDEX('C203'!$N:$N,8+(COLUMN()-54)*21))} -> 0.0011 | BG12: {=_xlfn.NUMBERVALUE(INDEX('C203'!$N:$N,8+(COLUMN()-54)*21))} -> 0.0011 | BH12: {=_xlfn.NUMBERVALUE(INDEX('C203'!$N:$N,8+(COLUMN()-54)*21))} -> 0.0009 | BI12: {=_xlfn.NUMBERVALUE(INDEX('C203'!$N:$N,8+(COLUMN()-54)*21))} -> 0 | ... CA12: {=_xlfn.NUMBERVALUE(INDEX('C203'!$N:$N,8+(COLUMN()-54)*21))} -> 0 | DO12: Others Fail | DP12: {=INDEX('C203'!$H:$H,18+4*21)+INDEX('C203'!$H:$H,18+5*21)+INDEX('C203'!$H:$H,18+6*21)+INDEX('C203'!$H:$H,18+7*21)+INDEX('C203'!$H:$H,18+8*21)+INDEX('C203'!$H:$H,18+9*21)} -> 4 | DQ12: {=INDEX('C203'!$H:$H,18+10*21)+INDEX('C203'!$H:$H,18+11*21)+INDEX('C203'!$H:$H,18+12*21)+INDEX('C203'!$H:$H,18+13*21)+INDEX('C203'!$H:$H,18+14*21)+INDEX('C203'!$H:$H,18+15*21)} -> 64 | DR12: {=INDEX('C203'!$H:$H,18+16*21)+INDEX('C203'!$H:$H,18+17*21)+INDEX('C203'!$H:$H,18+18*21)+INDEX('C203'!$H:$H,18+19*21)+INDEX('C203'!$H:$H,18+20*21)+INDEX('C203'!$H:$H,18+21*21)} -> 25 | EB12: 測試程序雲端化
A13: Failure Mode | G13: 1, 4, 5, 6 | H13: 1, 2, 4, 5, 6 | I13: 1, 2, 4, 5, 6 | J13: 1, 2, 4, 5, 6 | K13: 1, 2, 4, 5, 6 | L13: 1, 2, 5, 4, 6 | M13: 1, 2, 5, 4, 6 | N13: 1, 2, 3, 5, 4, 6 | O13: 1, 2, 3, 4, 6 | P13: 1, 2, 4, 6 | Q13: 1, 2, 4, 6 | R13: 1, 2, 4, 5, 6 | S13: 2, 4, 6 | T13: 2, 4, 6 | U13: 2, 4, 6 | V13: 2, 4, 6 | W13: 2, 4, 6 | X13: 2, 4, 6, 網路 | Y13: 2, 4, 6, OK but NGX | Z13: 2, 6, OK but NGX | DO13: Tag | DP13: 音頻含有異音 | DQ13: 音頻含有異音 | DR13: 音頻含有異音 | DU13: 6 | DV13: 異音不良 | DW13: 音頻包含異響 | EA13: 測試軟件與人耳判定結果不同、風扇運轉不穩定導致異響偶發
A14: Shut down device | G14: =COUNTIFS('C203'!$C$3:$F$3,"=0") -> 0 | H14: =COUNTIFS('C203'!$C$24:$F$24,"=0") -> 0 | I14: =COUNTIFS('C203'!$C$45:$F$45,"=0") -> 0 | J14: =COUNTIFS('C203'!$C$66:$F$66,"=0") -> 0 | K14: =COUNTIFS('C203'!$C$87:$F$87,"=0") -> 0 | L14: =COUNTIFS('C203'!$C$108:$F$108,"=0") -> 0 | M14: =COUNTIFS('C203'!$C$129:$F$129,"=0") -> 0 | N14: =COUNTIFS('C203'!$C$150:$F$150,"=0") -> 0 | O14: =COUNTIFS('C203'!$C$171:$F$171,"=0") -> 0 | P14: =COUNTIFS('C203'!$C$192:$F$192,"=0") -> 0 | Q14: =COUNTIFS('C203'!$C$213:$F$213,"=0") -> 0 | R14: =COUNTIFS('C203'!$C$234:$F$234,"=0") -> 0 | S14: =COUNTIFS('C203'!$C$255:$F$255,"=0") -> 0 | T14: =COUNTIFS('C203'!$C$276:$F$276,"=0") -> 0 | U14: =COUNTIFS('C203'!$C$297:$F$297,"=0") -> 0 | V14: =COUNTIFS('C203'!$C$318:$F$318,"=0") -> 0 | W14: =COUNTIFS('C203'!$C$339:$F$339,"=0") -> 0 | X14: =COUNTIFS('C203'!$C$360:$F$360,"=0") -> 0 | Y14: =COUNTIFS('C203'!$C$381:$F$381,"=0") -> 0 | Z14: =COUNTIFS('C203'!$C$402:$F$402,"=0") -> 0 | AA14: =COUNTIFS('C203'!$D$423:$G$423,"=0") -> 0 | DP14: 中轉版故障 | DQ14: 中轉版故障 | DR14: 中轉版故障
A15: C208 | B15: 46083 | C15: 46084 | D15: 46085 | E15: 46086 | F15: 46087 | G15: 46088 | H15: 46090 | I15: 46091 | J15: 46092 | K15: 46093 | L15: 46094 | M15: 46095 | N15: 46097 | O15: 46098 | P15: 46099 | Q15: 46100 | R15: 46101 | S15: 46102 | T15: 46104 | U15: 46105 | V15: 46106 | W15: 46107 | X15: 46108 | Y15: 46109 | Z15: 46111 | AA15: 46112 | AB15: 46113 | AC15: 46114 | AD15: 46115 | AE15: 46116 | AF15: 46118 | AG15: 46119 | AH15: 46120 | AI15: 46121 | AJ15: 46122 | AK15: 46123 | AL15: 46125 | AM15: 46126 | AN15: 46127 | AO15: 46128 | AP15: 46129 | AQ15: 46130 | AR15: 46132 | AS15: 46133 | AT15: 46134 | AU15: 46135 | AV15: 46136 | AW15: 46137 | AX15: 46139 | AY15: 46140 | AZ15: 46141 | BA15: 46142 | BB15: 46143 | BC15: 46146 | BD15: 46147 | BE15: 46148 | BF15: 46149 | BG15: 46150 | BH15: 46151 | BI15: 46153 | BJ15: 46154 | BK15: 46155 | BL15: 46156 | BM15: 46157 | BN15: 46158 | BO15: 46160 | BP15: 46161 | BQ15: 46162 | BR15: 46163 | BS15: 46164 | BT15: 46165 | BU15: 46167 | BV15: 46168 | BW15: 46169 | BX15: 46170 | BY15: 46171 | BZ15: 46172 | CA15: 46173 | DO15: C208 | DP15: W15(4/6~11) | DQ15: W16(4/13~18) | DR15: W17(4/20~25)
A16: Total Fail Rate | B16: 0.0089 | C16: 0.0063 | D16: 0.0179 | K16: 0.0237 | L16: 0.0192 | M16: 0.0541 | N16: 0.0064 | O16: 0.0194 | P16: 0.0335 | Q16: 0.0338 | R16: 0.0825 | S16: 0.0948 | T16: 0.0418 | U16: 0.1225 | V16: 5.21% | W16: ='C208'!$B320 -> 12.59% | X16: 1.63% | Y16: 1.96% | Z16: ='C208'!$B383 -> 0.22% | AA16: ='C208'!$B404 -> 2.26% | AB16: {=INDEX('C208'!$I:$I,5+(COLUMN()-28)*21)} -> 0.048676171 | AC16: {=INDEX('C208'!$I:$I,5+(COLUMN()-28)*21)} -> 6.78% | AD16: {=INDEX('C208'!$I:$I,5+(COLUMN()-28)*21)} -> 0.048379175 | AE16: {=INDEX('C208'!$I:$I,5+(COLUMN()-28)*21)} -> 0.1057572 | AF16: {=INDEX('C208'!$I:$I,5+(COLUMN()-28)*21)} -> 0.023285899 | AG16: {=INDEX('C208'!$I:$I,5+(COLUMN()-28)*21)} -> 0.0048129512 | AH16: {=INDEX('C208'!$I:$I,5+(COLUMN()-28)*21)} -> 0.011432927 | AI16: {=INDEX('C208'!$I:$I,5+(COLUMN()-28)*21)} -> 0.0085279188 | ... BA16: {=INDEX('C208'!$I:$I,5+(COLUMN()-28)*21)} -> 0.10979107 | BB16: {=_xlfn.NUMBERVALUE(INDEX('C208'!$P:$P,5+(COLUMN()-54)*21))} -> 0.0177 | BC16: {=_xlfn.NUMBERVALUE(INDEX('C208'!$P:$P,5+(COLUMN()-54)*21))} -> 0.010356732 | BD16: {=_xlfn.NUMBERVALUE(INDEX('C208'!$P:$P,5+(COLUMN()-54)*21))} -> 0.0635 | BE16: {=_xlfn.NUMBERVALUE(INDEX('C208'!$P:$P,5+(COLUMN()-54)*21))} -> 0.0523 | BF16: {=_xlfn.NUMBERVALUE(INDEX('C208'!$P:$P,5+(COLUMN()-54)*21))} -> 0.0118 | BG16: {=_xlfn.NUMBERVALUE(INDEX('C208'!$P:$P,5+(COLUMN()-54)*21))} -> 0.0091 | BH16: {=_xlfn.NUMBERVALUE(INDEX('C208'!$P:$P,5+(COLUMN()-54)*21))} -> 0.0083 | BI16: {=_xlfn.NUMBERVALUE(INDEX('C208'!$P:$P,5+(COLUMN()-54)*21))} -> 0.0114 | ... CA16: {=_xlfn.NUMBERVALUE(INDEX('C208'!$P:$P,5+(COLUMN()-54)*21))} -> 0 | DO16: Total | DP16: {=INDEX('C208'!$I:$I,3+4*21)+INDEX('C208'!$I:$I,3+5*21)+INDEX('C208'!$I:$I,3+6*21)+INDEX('C208'!$I:$I,3+7*21)+INDEX('C208'!$I:$I,3+8*21)+INDEX('C208'!$I:$I,3+9*21)} -> 27415 | DQ16: {=INDEX('C208'!$I:$I,3+10*21)+INDEX('C208'!$I:$I,3+11*21)+INDEX('C208'!$I:$I,3+12*21)+INDEX('C208'!$I:$I,3+13*21)+INDEX('C208'!$I:$I,3+14*21)+INDEX('C208'!$I:$I,3+15*21)} -> 25655 | DR16: {=INDEX('C208'!$I:$I,3+16*21)+INDEX('C208'!$I:$I,3+17*21)+INDEX('C208'!$I:$I,3+18*21)+INDEX('C208'!$I:$I,3+19*21)+INDEX('C208'!$I:$I,3+20*21)+INDEX('C208'!$I:$I,3+21*21)} -> 22603
A17: Noise Rate | B17: 0.0062 | C17: 0.0047 | D17: 0.0179 | K17: 0.0104 | L17: 0.0129 | M17: 0.0505 | N17: 0.0045 | O17: 0.0147 | P17: 0.0296 | Q17: 0.028 | R17: 0.0652 | S17: 0.0586 | T17: 0.0093 | U17: 0.0056 | V17: 0.80% | W17: ='C208'!$B321 -> 0.21% | X17: 0.41% | Y17: 0.49% | Z17: ='C208'!$B384 -> 0.11% | AA17: ='C208'!$B405 -> 1.95% | AB17: {=INDEX('C208'!$I:$I,6+(COLUMN()-28)*21)} -> 0.026476578 | AC17: {=INDEX('C208'!$I:$I,6+(COLUMN()-28)*21)} -> 2.59% | AD17: {=INDEX('C208'!$I:$I,6+(COLUMN()-28)*21)} -> 0.012770138 | AE17: {=INDEX('C208'!$I:$I,6+(COLUMN()-28)*21)} -> 0.049436796 | AF17: {=INDEX('C208'!$I:$I,6+(COLUMN()-28)*21)} -> 0.0090556274 | AG17: {=INDEX('C208'!$I:$I,6+(COLUMN()-28)*21)} -> 0.0024064756 | AH17: {=INDEX('C208'!$I:$I,6+(COLUMN()-28)*21)} -> 0.0051448171 | AI17: {=INDEX('C208'!$I:$I,6+(COLUMN()-28)*21)} -> 0.0050761421 | ... BA17: {=INDEX('C208'!$I:$I,6+(COLUMN()-28)*21)} -> 0.10589922 | BB17: {=_xlfn.NUMBERVALUE(INDEX('C208'!$P:$P,6+(COLUMN()-54)*21))} -> 0.0143 | BC17: {=_xlfn.NUMBERVALUE(INDEX('C208'!$P:$P,6+(COLUMN()-54)*21))} -> 0.0092059839 | BD17: {=_xlfn.NUMBERVALUE(INDEX('C208'!$P:$P,6+(COLUMN()-54)*21))} -> 0.0597 | BE17: {=_xlfn.NUMBERVALUE(INDEX('C208'!$P:$P,6+(COLUMN()-54)*21))} -> 0.0504 | BF17: {=_xlfn.NUMBERVALUE(INDEX('C208'!$P:$P,6+(COLUMN()-54)*21))} -> 0.0113 | BG17: {=_xlfn.NUMBERVALUE(INDEX('C208'!$P:$P,6+(COLUMN()-54)*21))} -> 0.0058 | BH17: {=_xlfn.NUMBERVALUE(INDEX('C208'!$P:$P,6+(COLUMN()-54)*21))} -> 0.0049 | BI17: {=_xlfn.NUMBERVALUE(INDEX('C208'!$P:$P,6+(COLUMN()-54)*21))} -> 0.01 | ... CA17: {=_xlfn.NUMBERVALUE(INDEX('C208'!$P:$P,6+(COLUMN()-54)*21))} -> 0 | DO17: Noise Fail | DP17: {=INDEX('C208'!$I:$I,9+4*21)+INDEX('C208'!$I:$I,9+5*21)+INDEX('C208'!$I:$I,9+6*21)+INDEX('C208'!$I:$I,9+7*21)+INDEX('C208'!$I:$I,9+8*21)+INDEX('C208'!$I:$I,9+9*21)} -> 137 | DQ17: {=INDEX('C208'!$I:$I,9+10*21)+INDEX('C208'!$I:$I,9+11*21)+INDEX('C208'!$I:$I,9+12*21)+INDEX('C208'!$I:$I,9+13*21)+INDEX('C208'!$I:$I,9+14*21)+INDEX('C208'!$I:$I,9+15*21)} -> 287 | DR17: {=INDEX('C208'!$I:$I,9+16*21)+INDEX('C208'!$I:$I,9+17*21)+INDEX('C208'!$I:$I,9+18*21)+INDEX('C208'!$I:$I,9+19*21)+INDEX('C208'!$I:$I,9+20*21)+INDEX('C208'!$I:$I,9+21*21)} -> 1836
A18: RPM Fail Rate | B18: 0.0027 | C18: 0.0016 | D18: 0 | K18: 0.0133 | L18: 0.0062 | M18: 0.0036 | N18: 0.0019 | O18: 0.0048 | P18: 0.0039 | Q18: 0.0058 | R18: 0.0173 | S18: 0.0362 | T18: 0.0322 | U18: 0.1162 | V18: 4.34% | W18: ='C208'!$B322 -> 11.59% | X18: 1.22% | Y18: 1.48% | Z18: ='C208'!$B385 -> 0.11% | AA18: ='C208'!$B406 -> 0.31% | AB18: {=INDEX('C208'!$I:$I,7+(COLUMN()-28)*21)} -> 0.021384929 | AC18: {=INDEX('C208'!$I:$I,7+(COLUMN()-28)*21)} -> 4.17% | AD18: {=INDEX('C208'!$I:$I,7+(COLUMN()-28)*21)} -> 0.035117878 | AE18: {=INDEX('C208'!$I:$I,7+(COLUMN()-28)*21)} -> 0.056320401 | AF18: {=INDEX('C208'!$I:$I,7+(COLUMN()-28)*21)} -> 0.013367831 | AG18: {=INDEX('C208'!$I:$I,7+(COLUMN()-28)*21)} -> 0.0024064756 | AH18: {=INDEX('C208'!$I:$I,7+(COLUMN()-28)*21)} -> 0.006097561 | AI18: {=INDEX('C208'!$I:$I,7+(COLUMN()-28)*21)} -> 0.0028426396 | ... BA18: {=INDEX('C208'!$I:$I,7+(COLUMN()-28)*21)} -> 0.0036870135 | BB18: {=_xlfn.NUMBERVALUE(INDEX('C208'!$P:$P,7+(COLUMN()-54)*21))} -> 0.0034 | BC18: {=_xlfn.NUMBERVALUE(INDEX('C208'!$P:$P,7+(COLUMN()-54)*21))} -> 0.00076716532 | BD18: {=_xlfn.NUMBERVALUE(INDEX('C208'!$P:$P,7+(COLUMN()-54)*21))} -> 0.0039 | BE18: {=_xlfn.NUMBERVALUE(INDEX('C208'!$P:$P,7+(COLUMN()-54)*21))} -> 0.0019 | BF18: {=_xlfn.NUMBERVALUE(INDEX('C208'!$P:$P,7+(COLUMN()-54)*21))} -> 0.0005 | BG18: {=_xlfn.NUMBERVALUE(INDEX('C208'!$P:$P,7+(COLUMN()-54)*21))} -> 0.0033 | BH18: {=_xlfn.NUMBERVALUE(INDEX('C208'!$P:$P,7+(COLUMN()-54)*21))} -> 0.0033 | BI18: {=_xlfn.NUMBERVALUE(INDEX('C208'!$P:$P,7+(COLUMN()-54)*21))} -> 0.0014 | ... CA18: {=_xlfn.NUMBERVALUE(INDEX('C208'!$P:$P,7+(COLUMN()-54)*21))} -> 0 | DO18: RPM Fail | DP18: {=INDEX('C208'!$I:$I,15+4*21)+INDEX('C208'!$I:$I,15+5*21)+INDEX('C208'!$I:$I,15+6*21)+INDEX('C208'!$I:$I,15+7*21)+INDEX('C208'!$I:$I,15+8*21)+INDEX('C208'!$I:$I,15+9*21)} -> 135 | DQ18: {=INDEX('C208'!$I:$I,15+10*21)+INDEX('C208'!$I:$I,15+11*21)+INDEX('C208'!$I:$I,15+12*21)+INDEX('C208'!$I:$I,15+13*21)+INDEX('C208'!$I:$I,15+14*21)+INDEX('C208'!$I:$I,15+15*21)} -> 47 | DR18: {=INDEX('C208'!$I:$I,15+16*21)+INDEX('C208'!$I:$I,15+17*21)+INDEX('C208'!$I:$I,15+18*21)+INDEX('C208'!$I:$I,15+19*21)+INDEX('C208'!$I:$I,15+20*21)+INDEX('C208'!$I:$I,15+21*21)} -> 652
A19: Other Fail Rate | B19: 0.0009 | C19: 0.0005 | D19: 0 | K19: 0.0002 | L19: 0.0019 | M19: 0.0052 | N19: 0.0064 | O19: 0.0069 | P19: 0.0088 | Q19: 0.0023 | R19: 0 | S19: 0.0005 | T19: 0.0011 | U19: 0.0006 | V19: 0.00% | W19: ='C208'!$B323 -> 0.00% | X19: 0.00% | Y19: 0.00% | Z19: ='C208'!$B386 -> 0.00% | AA19: ='C208'!$B407 -> 0.00% | AB19: {=INDEX('C208'!$I:$I,8+(COLUMN()-28)*21)} -> 0.00% | AC19: {=INDEX('C208'!$I:$I,8+(COLUMN()-28)*21)} -> 0.00% | AD19: {=INDEX('C208'!$I:$I,8+(COLUMN()-28)*21)} -> 0.00% | AE19: {=INDEX('C208'!$I:$I,8+(COLUMN()-28)*21)} -> 0.00% | AF19: {=INDEX('C208'!$I:$I,8+(COLUMN()-28)*21)} -> 0.00% | AG19: {=INDEX('C208'!$I:$I,8+(COLUMN()-28)*21)} -> 0.03% | AH19: {=INDEX('C208'!$I:$I,8+(COLUMN()-28)*21)} -> 0.00019054878 | AI19: {=INDEX('C208'!$I:$I,8+(COLUMN()-28)*21)} -> 0.00% | ... BA19: {=INDEX('C208'!$I:$I,8+(COLUMN()-28)*21)} -> 0.00020483408 | BB19: {=_xlfn.NUMBERVALUE(INDEX('C208'!$P:$P,8+(COLUMN()-54)*21))} -> 0 | BC19: {=_xlfn.NUMBERVALUE(INDEX('C208'!$P:$P,8+(COLUMN()-54)*21))} -> 0.001150748 | BD19: {=_xlfn.NUMBERVALUE(INDEX('C208'!$P:$P,8+(COLUMN()-54)*21))} -> 0.0006 | BE19: {=_xlfn.NUMBERVALUE(INDEX('C208'!$P:$P,8+(COLUMN()-54)*21))} -> 0.0005 | BF19: {=_xlfn.NUMBERVALUE(INDEX('C208'!$P:$P,8+(COLUMN()-54)*21))} -> 0 | BG19: {=_xlfn.NUMBERVALUE(INDEX('C208'!$P:$P,8+(COLUMN()-54)*21))} -> 0.0007 | BH19: {=_xlfn.NUMBERVALUE(INDEX('C208'!$P:$P,8+(COLUMN()-54)*21))} -> 0 | BI19: {=_xlfn.NUMBERVALUE(INDEX('C208'!$P:$P,8+(COLUMN()-54)*21))} -> 0.0007 | ... CA19: {=_xlfn.NUMBERVALUE(INDEX('C208'!$P:$P,8+(COLUMN()-54)*21))} -> 0 | DO19: Others Fail | DP19: {=INDEX('C208'!$I:$I,18+4*21)+INDEX('C208'!$I:$I,18+5*21)+INDEX('C208'!$I:$I,18+6*21)+INDEX('C208'!$I:$I,18+7*21)+INDEX('C208'!$I:$I,18+8*21)+INDEX('C208'!$I:$I,18+9*21)} -> 9 | DQ19: {=INDEX('C208'!$I:$I,18+10*21)+INDEX('C208'!$I:$I,18+11*21)+INDEX('C208'!$I:$I,18+12*21)+INDEX('C208'!$I:$I,18+13*21)+INDEX('C208'!$I:$I,18+14*21)+INDEX('C208'!$I:$I,18+15*21)} -> 46 | DR19: {=INDEX('C208'!$I:$I,18+16*21)+INDEX('C208'!$I:$I,18+17*21)+INDEX('C208'!$I:$I,18+18*21)+INDEX('C208'!$I:$I,18+19*21)+INDEX('C208'!$I:$I,18+20*21)+INDEX('C208'!$I:$I,18+21*21)} -> 15
A20: Failure Mode | M20: 4, 6 | O20: 4 | P20: 4 | Q20: 4 | R20: 4, 6 | S20: 4, 6 | T20: 2, 4 | U20: 2, 4 | V20: 2, 4 | W20: 4 | X20: 4 | Y20: 4 | Z20: 4 | DO20: Tag | DR20: 中轉版故障
A21: Shut down device | B21: =COUNTIFS('C208'!$C$3:$F$3,"=0") -> 3 | C21: =COUNTIFS('C208'!$C$24:$F$24,"=0") -> 1 | D21: =COUNTIFS('C208'!$C$45:$F$45,"=0") -> 1 | K21: =COUNTIFS('C208'!$C$66:$F$66,"=0") -> 0 | L21: =COUNTIFS('C208'!$C$87:$F$87,"=0") -> 0 | M21: =COUNTIFS('C208'!$C$108:$F$108,"=0") -> 0 | N21: =COUNTIFS('C208'!$C$129:$F$129,"=0") -> 0 | O21: =COUNTIFS('C208'!$C$150:$F$150,"=0") -> 0 | P21: =COUNTIFS('C208'!$C$171:$F$171,"=0") -> 0 | Q21: =COUNTIFS('C208'!$C$192:$F$192,"=0") -> 0 | R21: =COUNTIFS('C208'!$C$213:$F$213,"=0") -> 0 | S21: =COUNTIFS('C208'!$C$234:$F$234,"=0") -> 0 | T21: =COUNTIFS('C208'!$C$255:$F$255,"=0") -> 1 | U21: =COUNTIFS('C208'!$C$276:$F$276,"=0") -> 0 | V21: =COUNTIFS('C208'!$C$297:$F$297,"=0") -> 0 | W21: =COUNTIFS('C208'!$C$318:$F$318,"=0") -> 0 | X21: =COUNTIFS('C208'!$C$339:$F$339,"=0") -> 0 | Y21: =COUNTIFS('C208'!$C$360:$F$360,"=0") -> 0 | Z21: =COUNTIFS('C208'!$C$381:$G$381,"=0") -> 1 | AA21: =COUNTIFS('C208'!$C$402:$G$402,"=0") -> 0
A22: C209 | B22: 46083 | C22: 46084 | D22: 46085 | E22: 46086 | F22: 46087 | G22: 46088 | H22: 46090 | I22: 46091 | J22: 46092 | K22: 46093 | L22: 46094 | M22: 46095 | N22: 46097 | O22: 46098 | P22: 46099 | Q22: 46100 | R22: 46101 | S22: 46102 | T22: 46104 | U22: 46105 | V22: 46106 | W22: 46107 | X22: 46108 | Y22: 46109 | Z22: 46111 | AA22: 46112 | AB22: 46113 | AC22: 46114 | AD22: 46115 | AE22: 46116 | AF22: 46118 | AG22: 46119 | AH22: 46120 | AI22: 46121 | AJ22: 46122 | AK22: 46123 | AL22: 46125 | AM22: 46126 | AN22: 46127 | AO22: 46128 | AP22: 46129 | AQ22: 46130 | AR22: 46132 | AS22: 46133 | AT22: 46134 | AU22: 46135 | AV22: 46136 | AW22: 46137 | AX22: 46139 | AY22: 46140 | AZ22: 46141 | BA22: 46142 | BB22: 46143 | BC22: 46146 | BD22: 46147 | BE22: 46148 | BF22: 46149 | BG22: 46150 | BH22: 46151 | BI22: 46153 | BJ22: 46154 | BK22: 46155 | BL22: 46156 | BM22: 46157 | BN22: 46158 | BO22: 46160 | BP22: 46161 | BQ22: 46162 | BR22: 46163 | BS22: 46164 | BT22: 46165 | BU22: 46167 | BV22: 46168 | BW22: 46169 | BX22: 46170 | BY22: 46171 | BZ22: 46172 | CA22: 46173 | DO22: C209 | DP22: W15(4/6~11) | DQ22: W16(4/13~18) | DR22: W17(4/20~25)
A23: Total Fail Rate | B23: 0.0837 | C23: 0.1206 | D23: 0.0696 | E23: 0.0801 | F23: 0.0661 | G23: 0.074 | H23: 0.1073 | K23: 0.0837 | L23: 0.0736 | M23: 0.0874 | N23: 0.0928 | O23: 0.1199 | P23: 0.1398 | Q23: 0.1009 | R23: 0.0827 | S23: 0.0838 | T23: 0.0744 | U23: 0.0821 | V23: 10.63% | W23: ='C209'!$B404 -> 7.57% | X23: 8.27% | Y23: 7.43% | Z23: ='C209'!$B467 -> 9.03% | AA23: ='C209'!$B488 -> 6.48% | AB23: {=INDEX('C209'!$I:$I,5+(COLUMN()-28)*21)} -> 9.12% | AC23: {=INDEX('C209'!$I:$I,5+(COLUMN()-28)*21)} -> 7.84% | AD23: {=INDEX('C209'!$I:$I,5+(COLUMN()-28)*21)} -> 0.060842434 | AE23: {=INDEX('C209'!$I:$I,5+(COLUMN()-28)*21)} -> 0.062933514 | AF23: {=INDEX('C209'!$I:$I,5+(COLUMN()-28)*21)} -> 9.80% | AG23: {=INDEX('C209'!$I:$I,5+(COLUMN()-28)*21)} -> 10.72% | AH23: {=INDEX('C209'!$I:$I,5+(COLUMN()-28)*21)} -> 6.45% | AI23: {=INDEX('C209'!$I:$I,5+(COLUMN()-28)*21)} -> 7.46% | ... BA23: {=INDEX('C209'!$I:$I,5+(COLUMN()-28)*21)} -> 2.34% | BB23: {=_xlfn.NUMBERVALUE(INDEX('C209'!$P:$P,5+(COLUMN()-54)*21))} -> 0.0407 | BC23: {=_xlfn.NUMBERVALUE(INDEX('C209'!$P:$P,5+(COLUMN()-54)*21))} -> 0.0509 | BD23: {=_xlfn.NUMBERVALUE(INDEX('C209'!$P:$P,5+(COLUMN()-54)*21))} -> 0.0634 | BE23: {=_xlfn.NUMBERVALUE(INDEX('C209'!$P:$P,5+(COLUMN()-54)*21))} -> 0.0801 | BF23: {=_xlfn.NUMBERVALUE(INDEX('C209'!$P:$P,5+(COLUMN()-54)*21))} -> 0.0683 | BG23: {=_xlfn.NUMBERVALUE(INDEX('C209'!$P:$P,5+(COLUMN()-54)*21))} -> 0.0395 | BH23: {=_xlfn.NUMBERVALUE(INDEX('C209'!$P:$P,5+(COLUMN()-54)*21))} -> 0.0691 | BI23: {=_xlfn.NUMBERVALUE(INDEX('C209'!$P:$P,5+(COLUMN()-54)*21))} -> 0.0572 | ... CA23: {=_xlfn.NUMBERVALUE(INDEX('C209'!$P:$P,5+(COLUMN()-54)*21))} -> 0 | DO23: Total | DP23: {=INDEX('C209'!$I:$I,3+4*21)+INDEX('C209'!$I:$I,3+5*21)+INDEX('C209'!$I:$I,3+6*21)+INDEX('C209'!$I:$I,3+7*21)+INDEX('C209'!$I:$I,3+8*21)+INDEX('C209'!$I:$I,3+9*21)} -> 29047 | DQ23: {=INDEX('C209'!$I:$I,3+10*21)+INDEX('C209'!$I:$I,3+11*21)+INDEX('C209'!$I:$I,3+12*21)+INDEX('C209'!$I:$I,3+13*21)+INDEX('C209'!$I:$I,3+14*21)+INDEX('C209'!$I:$I,3+15*21)} -> 35013 | DR23: {=INDEX('C209'!$I:$I,3+16*21)+INDEX('C209'!$I:$I,3+17*21)+INDEX('C209'!$I:$I,3+18*21)+INDEX('C209'!$I:$I,3+19*21)+INDEX('C209'!$I:$I,3+20*21)+INDEX('C209'!$I:$I,3+21*21)} -> 31499
A24: Noise Rate | B24: 0.0819 | C24: 0.1189 | D24: 0.0677 | E24: 0.0783 | F24: 0.0656 | G24: 0.0716 | H24: 0.1053 | K24: 0.0828 | L24: 0.0736 | M24: 0.0865 | N24: 0.0898 | O24: 0.1164 | P24: 0.1371 | Q24: 0.0998 | R24: 0.0805 | S24: 0.0814 | T24: 0.0726 | U24: 0.0796 | V24: 10.36% | W24: ='C209'!$B405 -> 7.28% | X24: 8.00% | Y24: 6.81% | Z24: ='C209'!$B468 -> 8.29% | AA24: ='C209'!$B489 -> 6.10% | AB24: {=INDEX('C209'!$I:$I,6+(COLUMN()-28)*21)} -> 8.93% | AC24: {=INDEX('C209'!$I:$I,6+(COLUMN()-28)*21)} -> 7.77% | AD24: {=INDEX('C209'!$I:$I,6+(COLUMN()-28)*21)} -> 0.059849667 | AE24: {=INDEX('C209'!$I:$I,6+(COLUMN()-28)*21)} -> 0.057519878 | AF24: {=INDEX('C209'!$I:$I,6+(COLUMN()-28)*21)} -> 8.19% | AG24: {=INDEX('C209'!$I:$I,6+(COLUMN()-28)*21)} -> 8.53% | AH24: {=INDEX('C209'!$I:$I,6+(COLUMN()-28)*21)} -> 5.40% | AI24: {=INDEX('C209'!$I:$I,6+(COLUMN()-28)*21)} -> 6.50% | ... BA24: {=INDEX('C209'!$I:$I,6+(COLUMN()-28)*21)} -> 1.74% | BB24: {=_xlfn.NUMBERVALUE(INDEX('C209'!$P:$P,6+(COLUMN()-54)*21))} -> 0.0266 | BC24: {=_xlfn.NUMBERVALUE(INDEX('C209'!$P:$P,6+(COLUMN()-54)*21))} -> 0.0372 | BD24: {=_xlfn.NUMBERVALUE(INDEX('C209'!$P:$P,6+(COLUMN()-54)*21))} -> 0.0397 | BE24: {=_xlfn.NUMBERVALUE(INDEX('C209'!$P:$P,6+(COLUMN()-54)*21))} -> 0.0324 | BF24: {=_xlfn.NUMBERVALUE(INDEX('C209'!$P:$P,6+(COLUMN()-54)*21))} -> 0.0391 | BG24: {=_xlfn.NUMBERVALUE(INDEX('C209'!$P:$P,6+(COLUMN()-54)*21))} -> 0.0333 | BH24: {=_xlfn.NUMBERVALUE(INDEX('C209'!$P:$P,6+(COLUMN()-54)*21))} -> 0.0444 | BI24: {=_xlfn.NUMBERVALUE(INDEX('C209'!$P:$P,6+(COLUMN()-54)*21))} -> 0.0541 | ... CA24: {=_xlfn.NUMBERVALUE(INDEX('C209'!$P:$P,6+(COLUMN()-54)*21))} -> 0 | DO24: Noise Fail | DP24: {=INDEX('C209'!$I:$I,9+4*21)+INDEX('C209'!$I:$I,9+5*21)+INDEX('C209'!$I:$I,9+6*21)+INDEX('C209'!$I:$I,9+7*21)+INDEX('C209'!$I:$I,9+8*21)+INDEX('C209'!$I:$I,9+9*21)} -> 2175 | DQ24: {=INDEX('C209'!$I:$I,9+10*21)+INDEX('C209'!$I:$I,9+11*21)+INDEX('C209'!$I:$I,9+12*21)+INDEX('C209'!$I:$I,9+13*21)+INDEX('C209'!$I:$I,9+14*21)+INDEX('C209'!$I:$I,9+15*21)} -> 2951 | DR24: {=INDEX('C209'!$I:$I,9+16*21)+INDEX('C209'!$I:$I,9+17*21)+INDEX('C209'!$I:$I,9+18*21)+INDEX('C209'!$I:$I,9+19*21)+INDEX('C209'!$I:$I,9+20*21)+INDEX('C209'!$I:$I,9+21*21)} -> 2752
A25: RPM Fail Rate | B25: 0.002 | C25: 0.0021 | D25: 0.0031 | E25: 0.0026 | F25: 0.0008 | G25: 0.0042 | H25: 0.0043 | K25: 0.0012 | L25: 0 | M25: 0.0013 | N25: 0.0038 | O25: 0.004 | P25: 0.0032 | Q25: 0.0013 | R25: 0.004 | S25: 0.0029 | T25: 0.002 | U25: 0.0036 | V25: 0.33% | W25: ='C209'!$B406 -> 0.36% | X25: 0.30% | Y25: 0.79% | Z25: ='C209'!$B469 -> 0.86% | AA25: ='C209'!$B490 -> 0.46% | AB25: {=INDEX('C209'!$I:$I,7+(COLUMN()-28)*21)} -> 0.21% | AC25: {=INDEX('C209'!$I:$I,7+(COLUMN()-28)*21)} -> 0.13% | AD25: {=INDEX('C209'!$I:$I,7+(COLUMN()-28)*21)} -> 0.00085094313 | AE25: {=INDEX('C209'!$I:$I,7+(COLUMN()-28)*21)} -> 0.0065978684 | AF25: {=INDEX('C209'!$I:$I,7+(COLUMN()-28)*21)} -> 1.97% | AG25: {=INDEX('C209'!$I:$I,7+(COLUMN()-28)*21)} -> 2.71% | AH25: {=INDEX('C209'!$I:$I,7+(COLUMN()-28)*21)} -> 0.97% | AI25: {=INDEX('C209'!$I:$I,7+(COLUMN()-28)*21)} -> 0.69% | ... BA25: {=INDEX('C209'!$I:$I,7+(COLUMN()-28)*21)} -> 0.67% | BB25: {=_xlfn.NUMBERVALUE(INDEX('C209'!$P:$P,7+(COLUMN()-54)*21))} -> 0.0155 | BC25: {=_xlfn.NUMBERVALUE(INDEX('C209'!$P:$P,7+(COLUMN()-54)*21))} -> 0.3465 | BD25: {=_xlfn.NUMBERVALUE(INDEX('C209'!$P:$P,7+(COLUMN()-54)*21))} -> 0.0245 | BE25: {=_xlfn.NUMBERVALUE(INDEX('C209'!$P:$P,7+(COLUMN()-54)*21))} -> 0.0482 | BF25: {=_xlfn.NUMBERVALUE(INDEX('C209'!$P:$P,7+(COLUMN()-54)*21))} -> 0.0302 | BG25: {=_xlfn.NUMBERVALUE(INDEX('C209'!$P:$P,7+(COLUMN()-54)*21))} -> 0.0057 | BH25: {=_xlfn.NUMBERVALUE(INDEX('C209'!$P:$P,7+(COLUMN()-54)*21))} -> 0.0242 | BI25: {=_xlfn.NUMBERVALUE(INDEX('C209'!$P:$P,7+(COLUMN()-54)*21))} -> 0.0029 | ... CA25: {=_xlfn.NUMBERVALUE(INDEX('C209'!$P:$P,7+(COLUMN()-54)*21))} -> 0 | DO25: RPM Fail | DP25: {=INDEX('C209'!$I:$I,15+4*21)+INDEX('C209'!$I:$I,15+5*21)+INDEX('C209'!$I:$I,15+6*21)+INDEX('C209'!$I:$I,15+7*21)+INDEX('C209'!$I:$I,15+8*21)+INDEX('C209'!$I:$I,15+9*21)} -> 326 | DQ25: {=INDEX('C209'!$I:$I,15+10*21)+INDEX('C209'!$I:$I,15+11*21)+INDEX('C209'!$I:$I,15+12*21)+INDEX('C209'!$I:$I,15+13*21)+INDEX('C209'!$I:$I,15+14*21)+INDEX('C209'!$I:$I,15+15*21)} -> 315 | DR25: {=INDEX('C209'!$I:$I,15+16*21)+INDEX('C209'!$I:$I,15+17*21)+INDEX('C209'!$I:$I,15+18*21)+INDEX('C209'!$I:$I,15+19*21)+INDEX('C209'!$I:$I,15+20*21)+INDEX('C209'!$I:$I,15+21*21)} -> 911
A26: Other Fail Rate | B26: 0 | C26: 0 | D26: 0 | E26: 0.0002 | F26: 0 | G26: 0 | H26: 0 | K26: 0 | L26: 0 | M26: 0 | N26: 0 | O26: 0 | P26: 0 | Q26: 0 | R26: 0 | S26: 0 | T26: 0.0002 | U26: 0 | V26: 0.00% | W26: ='C209'!$B407 -> 0.00% | X26: 0.00% | Y26: 0.01% | Z26: ='C209'!$B470 -> 0.12% | AA26: ='C209'!$B491 -> 0.03% | AB26: {=INDEX('C209'!$I:$I,8+(COLUMN()-28)*21)} -> 0.00% | AC26: {=INDEX('C209'!$I:$I,8+(COLUMN()-28)*21)} -> 0.01% | AD26: {=INDEX('C209'!$I:$I,8+(COLUMN()-28)*21)} -> 0.10% | AE26: {=INDEX('C209'!$I:$I,8+(COLUMN()-28)*21)} -> 0.07% | AF26: {=INDEX('C209'!$I:$I,8+(COLUMN()-28)*21)} -> 0.00% | AG26: {=INDEX('C209'!$I:$I,8+(COLUMN()-28)*21)} -> 0.02% | AH26: {=INDEX('C209'!$I:$I,8+(COLUMN()-28)*21)} -> 0.05% | AI26: {=INDEX('C209'!$I:$I,8+(COLUMN()-28)*21)} -> 0.00% | ... BA26: {=INDEX('C209'!$I:$I,8+(COLUMN()-28)*21)} -> 0.00% | BB26: {=_xlfn.NUMBERVALUE(INDEX('C209'!$P:$P,8+(COLUMN()-54)*21))} -> 0 | BC26: {=_xlfn.NUMBERVALUE(INDEX('C209'!$P:$P,8+(COLUMN()-54)*21))} -> 0 | BD26: {=_xlfn.NUMBERVALUE(INDEX('C209'!$P:$P,8+(COLUMN()-54)*21))} -> 0 | BE26: {=_xlfn.NUMBERVALUE(INDEX('C209'!$P:$P,8+(COLUMN()-54)*21))} -> 0 | BF26: {=_xlfn.NUMBERVALUE(INDEX('C209'!$P:$P,8+(COLUMN()-54)*21))} -> 0 | BG26: {=_xlfn.NUMBERVALUE(INDEX('C209'!$P:$P,8+(COLUMN()-54)*21))} -> 0.0002 | BH26: {=_xlfn.NUMBERVALUE(INDEX('C209'!$P:$P,8+(COLUMN()-54)*21))} -> 0 | BI26: {=_xlfn.NUMBERVALUE(INDEX('C209'!$P:$P,8+(COLUMN()-54)*21))} -> 0 | ... CA26: {=_xlfn.NUMBERVALUE(INDEX('C209'!$P:$P,8+(COLUMN()-54)*21))} -> 0 | DO26: Others Fail | DP26: {=INDEX('C209'!$I:$I,18+4*21)+INDEX('C209'!$I:$I,18+5*21)+INDEX('C209'!$I:$I,18+6*21)+INDEX('C209'!$I:$I,18+7*21)+INDEX('C209'!$I:$I,18+8*21)+INDEX('C209'!$I:$I,18+9*21)} -> 3 | DQ26: {=INDEX('C209'!$I:$I,18+10*21)+INDEX('C209'!$I:$I,18+11*21)+INDEX('C209'!$I:$I,18+12*21)+INDEX('C209'!$I:$I,18+13*21)+INDEX('C209'!$I:$I,18+14*21)+INDEX('C209'!$I:$I,18+15*21)} -> 3 | DR26: {=INDEX('C209'!$I:$I,18+16*21)+INDEX('C209'!$I:$I,18+17*21)+INDEX('C209'!$I:$I,18+18*21)+INDEX('C209'!$I:$I,18+19*21)+INDEX('C209'!$I:$I,18+20*21)+INDEX('C209'!$I:$I,18+21*21)} -> 9
A27: Failure Mode | B27: 4, 6 | C27: 4, 6 | D27: 4, 6 | E27: 4, 6 | F27: 6 | G27: 6 | H27: 4, 6 | K27: 4, 6 | L27: 4, 6 | M27: 4, 6 | N27: 6 | O27: 4, 6 | P27: 4, 6 | Q27: 6 | R27: 6 | S27: 6 | T27: 6 | U27: 6 | V27: 6 | W27: 6 | X27: 6 | Y27: 6 | Z27: 6 | DO27: Tag | DP27: 音頻含有異音 | DQ27: 音頻含有異音 | DR27: 音頻含有異音
A28: Shut down device | B28: 0 | C28: 0 | D28: 0 | E28: 0 | F28: 0 | G28: 0 | H28: 0 | K28: 0 | L28: 0 | M28: 0 | N28: 0 | O28: 0 | P28: 0 | Q28: 0 | R28: 1 | S28: 1 | T28: 0 | U28: 0 | V28: =COUNTIFS('C209'!$C$381:$F$381,"=0") -> 0 | W28: =COUNTIFS('C209'!$C$402:$F$402,"=0") -> 0 | X28: =COUNTIFS('C209'!$C$423:$F$423,"=0") -> 0 | Y28: =COUNTIFS('C209'!$C$444:$F$444,"=0") -> 0 | Z28: =COUNTIFS('C209'!$C$465:$G$465,"=0") -> 0 | AA28: =COUNTIFS('C209'!$C$486:$F$486,"=0") -> 0 | DR28: 中轉版故障
A29: C214 | B29: 46083 | C29: 46084 | D29: 46085 | E29: 46086 | F29: 46087 | G29: 46088 | H29: 46090 | I29: 46091 | J29: 46092 | K29: 46093 | L29: 46094 | M29: 46095 | N29: 46097 | O29: 46098 | P29: 46099 | Q29: 46100 | R29: 46101 | S29: 46102 | T29: 46104 | U29: 46105 | V29: 46106 | W29: 46107 | X29: 46108 | Y29: 46109 | Z29: 46111 | AA29: 46112 | AB29: 46113 | AC29: 46114 | AD29: 46115 | AE29: 46116 | AF29: 46118 | AG29: 46119 | AH29: 46120 | AI29: 46121 | AJ29: 46122 | AK29: 46123 | AL29: 46125 | AM29: 46126 | AN29: 46127 | AO29: 46128 | AP29: 46129 | AQ29: 46130 | AR29: 46132 | AS29: 46133 | AT29: 46134 | AU29: 46135 | AV29: 46136 | AW29: 46137 | AX29: 46139 | AY29: 46140 | AZ29: 46141 | BA29: 46142 | BB29: 46143 | BC29: 46146 | BD29: 46147 | BE29: 46148 | BF29: 46149 | BG29: 46150 | BH29: 46151 | BI29: 46153 | BJ29: 46154 | BK29: 46155 | BL29: 46156 | BM29: 46157 | BN29: 46158 | BO29: 46160 | BP29: 46161 | BQ29: 46162 | BR29: 46163 | BS29: 46164 | BT29: 46165 | BU29: 46167 | BV29: 46168 | BW29: 46169 | BX29: 46170 | BY29: 46171 | BZ29: 46172 | CA29: 46173 | DO29: C214 | DP29: W15(4/6~11) | DQ29: W16(4/13~18) | DR29: W17(4/20~25)
A30: Total Fail Rate | B30: 0.1838 | C30: 0.0385 | D30: 0.0856 | E30: 0.1404 | F30: 0.0514 | H30: 0.0557 | K30: 0.0922 | L30: 0.1311 | M30: 0.1566 | N30: 0.1932 | O30: 0.0708 | P30: 0.1312 | Q30: 0.0769 | R30: 0.1614 | S30: 0.1062 | T30: 0.1564 | U30: 0.0715 | V30: 7.27% | W30: ='C214'!$B383 -> 11.17% | X30: 41.56% | Y30: 45.15% | Z30: ='C214'!$B446 -> 18.10% | AA30: ='C214'!$B467 -> 5.93% | AB30: {=INDEX('C214'!$I:$I,5+(COLUMN()-28)*21)} -> 7.60% | AC30: {=INDEX('C214'!$I:$I,5+(COLUMN()-28)*21)} -> 7.07% | AD30: {=INDEX('C214'!$I:$I,5+(COLUMN()-28)*21)} -> 5.32% | AE30: {=INDEX('C214'!$I:$I,5+(COLUMN()-28)*21)} -> 13.54% | AF30: {=INDEX('C214'!$I:$I,5+(COLUMN()-28)*21)} -> 11.49% | AG30: {=INDEX('C214'!$I:$I,5+(COLUMN()-28)*21)} -> 11.44% | AH30: {=INDEX('C214'!$I:$I,5+(COLUMN()-28)*21)} -> 4.61% | AI30: {=INDEX('C214'!$I:$I,5+(COLUMN()-28)*21)} -> 2.98% | ... BA30: {=INDEX('C214'!$I:$I,5+(COLUMN()-28)*21)} -> 6.81% | BB30: {=_xlfn.NUMBERVALUE(INDEX('C214'!$P:$P,5+(COLUMN()-54)*21))} -> 0.0898 | BC30: {=_xlfn.NUMBERVALUE(INDEX('C214'!$P:$P,5+(COLUMN()-54)*21))} -> 0.0465 | BD30: {=_xlfn.NUMBERVALUE(INDEX('C214'!$P:$P,5+(COLUMN()-54)*21))} -> 0.0492 | BE30: {=_xlfn.NUMBERVALUE(INDEX('C214'!$P:$P,5+(COLUMN()-54)*21))} -> 0.0469 | BF30: {=_xlfn.NUMBERVALUE(INDEX('C214'!$P:$P,5+(COLUMN()-54)*21))} -> 0.0383 | BG30: {=_xlfn.NUMBERVALUE(INDEX('C214'!$P:$P,5+(COLUMN()-54)*21))} -> 0.0594 | BH30: {=_xlfn.NUMBERVALUE(INDEX('C214'!$P:$P,5+(COLUMN()-54)*21))} -> 0.4635 | BI30: {=_xlfn.NUMBERVALUE(INDEX('C214'!$P:$P,5+(COLUMN()-54)*21))} -> 0.0335 | ... CA30: {=_xlfn.NUMBERVALUE(INDEX('C214'!$P:$P,5+(COLUMN()-54)*21))} -> 0 | DO30: Total | DP30: {=INDEX('C214'!$I:$I,3+4*21)+INDEX('C214'!$I:$I,3+5*21)+INDEX('C214'!$I:$I,3+6*21)+INDEX('C214'!$I:$I,3+7*21)+INDEX('C214'!$I:$I,3+8*21)+INDEX('C214'!$I:$I,3+9*21)} -> 28294 | DQ30: {=INDEX('C214'!$I:$I,3+10*21)+INDEX('C214'!$I:$I,3+11*21)+INDEX('C214'!$I:$I,3+12*21)+INDEX('C214'!$I:$I,3+13*21)+INDEX('C214'!$I:$I,3+14*21)+INDEX('C214'!$I:$I,3+15*21)} -> 34186 | DR30: {=INDEX('C214'!$I:$I,3+16*21)+INDEX('C214'!$I:$I,3+17*21)+INDEX('C214'!$I:$I,3+18*21)+INDEX('C214'!$I:$I,3+19*21)+INDEX('C214'!$I:$I,3+20*21)+INDEX('C214'!$I:$I,3+21*21)} -> 33766
A31: Noise Rate | B31: 0.0701 | C31: 0.0017 | D31: 0.006 | E31: 0.0321 | F31: 0.0062 | H31: 0.0389 | K31: 0.085 | L31: 0.0746 | M31: 0.1011 | N31: 0.1392 | O31: 0.0541 | P31: 0.1063 | Q31: 0.0318 | R31: 0.0905 | S31: 0.1028 | T31: 0.1502 | U31: 0.0673 | V31: 6.73% | W31: ='C214'!$B384 -> 5.03% | X31: 2.00% | Y31: 2.55% | Z31: ='C214'!$B447 -> 5.63% | AA31: ='C214'!$B468 -> 3.54% | AB31: {=INDEX('C214'!$I:$I,6+(COLUMN()-28)*21)} -> 4.03% | AC31: {=INDEX('C214'!$I:$I,6+(COLUMN()-28)*21)} -> 3.70% | AD31: {=INDEX('C214'!$I:$I,6+(COLUMN()-28)*21)} -> 2.91% | AE31: {=INDEX('C214'!$I:$I,6+(COLUMN()-28)*21)} -> 6.04% | AF31: {=INDEX('C214'!$I:$I,6+(COLUMN()-28)*21)} -> 7.55% | AG31: {=INDEX('C214'!$I:$I,6+(COLUMN()-28)*21)} -> 7.61% | AH31: {=INDEX('C214'!$I:$I,6+(COLUMN()-28)*21)} -> 2.06% | AI31: {=INDEX('C214'!$I:$I,6+(COLUMN()-28)*21)} -> 1.29% | ... BA31: {=INDEX('C214'!$I:$I,6+(COLUMN()-28)*21)} -> 1.60% | BB31: {=_xlfn.NUMBERVALUE(INDEX('C214'!$P:$P,6+(COLUMN()-54)*21))} -> 0.0382 | BC31: {=_xlfn.NUMBERVALUE(INDEX('C214'!$P:$P,6+(COLUMN()-54)*21))} -> 0.0425 | BD31: {=_xlfn.NUMBERVALUE(INDEX('C214'!$P:$P,6+(COLUMN()-54)*21))} -> 0.0383 | BE31: {=_xlfn.NUMBERVALUE(INDEX('C214'!$P:$P,6+(COLUMN()-54)*21))} -> 0.0339 | BF31: {=_xlfn.NUMBERVALUE(INDEX('C214'!$P:$P,6+(COLUMN()-54)*21))} -> 0.022 | BG31: {=_xlfn.NUMBERVALUE(INDEX('C214'!$P:$P,6+(COLUMN()-54)*21))} -> 0.0223 | BH31: {=_xlfn.NUMBERVALUE(INDEX('C214'!$P:$P,6+(COLUMN()-54)*21))} -> 0.0214 | BI31: {=_xlfn.NUMBERVALUE(INDEX('C214'!$P:$P,6+(COLUMN()-54)*21))} -> 0.0043 | ... CA31: {=_xlfn.NUMBERVALUE(INDEX('C214'!$P:$P,6+(COLUMN()-54)*21))} -> 0 | DO31: Noise Fail | DP31: {=INDEX('C214'!$I:$I,9+4*21)+INDEX('C214'!$I:$I,9+5*21)+INDEX('C214'!$I:$I,9+6*21)+INDEX('C214'!$I:$I,9+7*21)+INDEX('C214'!$I:$I,9+8*21)+INDEX('C214'!$I:$I,9+9*21)} -> 955 | DQ31: {=INDEX('C214'!$I:$I,9+10*21)+INDEX('C214'!$I:$I,9+11*21)+INDEX('C214'!$I:$I,9+12*21)+INDEX('C214'!$I:$I,9+13*21)+INDEX('C214'!$I:$I,9+14*21)+INDEX('C214'!$I:$I,9+15*21)} -> 1582 | DR31: {=INDEX('C214'!$I:$I,9+16*21)+INDEX('C214'!$I:$I,9+17*21)+INDEX('C214'!$I:$I,9+18*21)+INDEX('C214'!$I:$I,9+19*21)+INDEX('C214'!$I:$I,9+20*21)+INDEX('C214'!$I:$I,9+21*21)} -> 1040
A32: RPM Fail Rate | B32: 0.1265 | C32: 0.0921 | D32: 0.0796 | E32: 0.1 | F32: 0.0451 | H32: 0.0165 | K32: 0.0086 | L32: 0.0574 | M32: 0.0552 | N32: 0.054 | O32: 0.0169 | P32: 0.0247 | Q32: 0.3335 | R32: 0.1082 | S32: 0.0025 | T32: 0.0062 | U32: 0.0041 | V32: 0.54% | W32: ='C214'!$B385 -> 6.08% | X32: 39.17% | Y32: 42.57% | Z32: ='C214'!$B448 -> 11.62% | AA32: ='C214'!$B469 -> 2.44% | AB32: {=INDEX('C214'!$I:$I,7+(COLUMN()-28)*21)} -> 3.58% | AC32: {=INDEX('C214'!$I:$I,7+(COLUMN()-28)*21)} -> 3.38% | AD32: {=INDEX('C214'!$I:$I,7+(COLUMN()-28)*21)} -> 2.41% | AE32: {=INDEX('C214'!$I:$I,7+(COLUMN()-28)*21)} -> 7.20% | AF32: {=INDEX('C214'!$I:$I,7+(COLUMN()-28)*21)} -> 3.94% | AG32: {=INDEX('C214'!$I:$I,7+(COLUMN()-28)*21)} -> 3.83% | AH32: {=INDEX('C214'!$I:$I,7+(COLUMN()-28)*21)} -> 2.47% | AI32: {=INDEX('C214'!$I:$I,7+(COLUMN()-28)*21)} -> 1.69% | ... BA32: {=INDEX('C214'!$I:$I,7+(COLUMN()-28)*21)} -> 2.58% | BB32: {=_xlfn.NUMBERVALUE(INDEX('C214'!$P:$P,7+(COLUMN()-54)*21))} -> 0.0493 | BC32: {=_xlfn.NUMBERVALUE(INDEX('C214'!$P:$P,7+(COLUMN()-54)*21))} -> 0.003 | BD32: {=_xlfn.NUMBERVALUE(INDEX('C214'!$P:$P,7+(COLUMN()-54)*21))} -> 0.011 | BE32: {=_xlfn.NUMBERVALUE(INDEX('C214'!$P:$P,7+(COLUMN()-54)*21))} -> 0.0127 | BF32: {=_xlfn.NUMBERVALUE(INDEX('C214'!$P:$P,7+(COLUMN()-54)*21))} -> 0.0163 | BG32: {=_xlfn.NUMBERVALUE(INDEX('C214'!$P:$P,7+(COLUMN()-54)*21))} -> 0.0365 | BH32: {=_xlfn.NUMBERVALUE(INDEX('C214'!$P:$P,7+(COLUMN()-54)*21))} -> 0.4328 | BI32: {=_xlfn.NUMBERVALUE(INDEX('C214'!$P:$P,7+(COLUMN()-54)*21))} -> 0.0293 | ... CA32: {=_xlfn.NUMBERVALUE(INDEX('C214'!$P:$P,7+(COLUMN()-54)*21))} -> 0 | DO32: RPM Fail | DP32: {=INDEX('C214'!$I:$I,15+4*21)+INDEX('C214'!$I:$I,15+5*21)+INDEX('C214'!$I:$I,15+6*21)+INDEX('C214'!$I:$I,15+7*21)+INDEX('C214'!$I:$I,15+8*21)+INDEX('C214'!$I:$I,15+9*21)} -> 879 | DQ32: {=INDEX('C214'!$I:$I,15+10*21)+INDEX('C214'!$I:$I,15+11*21)+INDEX('C214'!$I:$I,15+12*21)+INDEX('C214'!$I:$I,15+13*21)+INDEX('C214'!$I:$I,15+14*21)+INDEX('C214'!$I:$I,15+15*21)} -> 1168 | DR32: {=INDEX('C214'!$I:$I,15+16*21)+INDEX('C214'!$I:$I,15+17*21)+INDEX('C214'!$I:$I,15+18*21)+INDEX('C214'!$I:$I,15+19*21)+INDEX('C214'!$I:$I,15+20*21)+INDEX('C214'!$I:$I,15+21*21)} -> 1569
A33: Other Fail Rate | B33: 0.0271 | C33: 0.0356 | D33: 0.0497 | E33: 0.008 | F33: 0.001 | H33: 0.0197 | K33: 0.0358 | L33: 0.0326 | M33: 0.0252 | N33: 0.0228 | O33: 0.0007 | P33: 0.0004 | Q33: 0.0002 | R33: 0.0268 | S33: 0.0144 | T33: 0.0134 | U33: 0.0129 | V33: 2.38% | W33: ='C214'!$B386 -> 1.41% | X33: 1.41% | Y33: 0.00% | Z33: ='C214'!$B449 -> 0.35% | AA33: ='C214'!$B470 -> 0.03% | AB33: {=INDEX('C214'!$I:$I,8+(COLUMN()-28)*21)} -> 0.02% | AC33: {=INDEX('C214'!$I:$I,8+(COLUMN()-28)*21)} -> 0.06% | AD33: {=INDEX('C214'!$I:$I,8+(COLUMN()-28)*21)} -> 0.09% | AE33: {=INDEX('C214'!$I:$I,8+(COLUMN()-28)*21)} -> 0.13% | AF33: {=INDEX('C214'!$I:$I,8+(COLUMN()-28)*21)} -> 0.64% | AG33: {=INDEX('C214'!$I:$I,8+(COLUMN()-28)*21)} -> 0.28% | AH33: {=INDEX('C214'!$I:$I,8+(COLUMN()-28)*21)} -> 0.26% | AI33: {=INDEX('C214'!$I:$I,8+(COLUMN()-28)*21)} -> 0.18% | ... BA33: {=INDEX('C214'!$I:$I,8+(COLUMN()-28)*21)} -> 0.00% | BB33: {=_xlfn.NUMBERVALUE(INDEX('C214'!$P:$P,8+(COLUMN()-54)*21))} -> 0.0001 | BC33: {=_xlfn.NUMBERVALUE(INDEX('C214'!$P:$P,8+(COLUMN()-54)*21))} -> 0 | BD33: {=_xlfn.NUMBERVALUE(INDEX('C214'!$P:$P,8+(COLUMN()-54)*21))} -> 0 | BE33: {=_xlfn.NUMBERVALUE(INDEX('C214'!$P:$P,8+(COLUMN()-54)*21))} -> 0.0003 | BF33: {=_xlfn.NUMBERVALUE(INDEX('C214'!$P:$P,8+(COLUMN()-54)*21))} -> 0.0058 | BG33: {=_xlfn.NUMBERVALUE(INDEX('C214'!$P:$P,8+(COLUMN()-54)*21))} -> 0.0005 | BH33: {=_xlfn.NUMBERVALUE(INDEX('C214'!$P:$P,8+(COLUMN()-54)*21))} -> 0.0002 | BI33: {=_xlfn.NUMBERVALUE(INDEX('C214'!$P:$P,8+(COLUMN()-54)*21))} -> 0.0005 | ... CA33: {=_xlfn.NUMBERVALUE(INDEX('C214'!$P:$P,8+(COLUMN()-54)*21))} -> 0 | DO33: Others Fail | DP33: {=INDEX('C214'!$I:$I,18+4*21)+INDEX('C214'!$I:$I,18+5*21)+INDEX('C214'!$I:$I,18+6*21)+INDEX('C214'!$I:$I,18+7*21)+INDEX('C214'!$I:$I,18+8*21)+INDEX('C214'!$I:$I,18+9*21)} -> 97 | DQ33: {=INDEX('C214'!$I:$I,18+10*21)+INDEX('C214'!$I:$I,18+11*21)+INDEX('C214'!$I:$I,18+12*21)+INDEX('C214'!$I:$I,18+13*21)+INDEX('C214'!$I:$I,18+14*21)+INDEX('C214'!$I:$I,18+15*21)} -> 13 | DR33: {=INDEX('C214'!$I:$I,18+16*21)+INDEX('C214'!$I:$I,18+17*21)+INDEX('C214'!$I:$I,18+18*21)+INDEX('C214'!$I:$I,18+19*21)+INDEX('C214'!$I:$I,18+20*21)+INDEX('C214'!$I:$I,18+21*21)} -> 6
A34: Failure Mode | B34: 1, 2, 3 | C34: 2, 3 | D34: 2, 3 | E34: 1, 2, 3, 5 | F34: 1, 2, 3, 5 | H34: 3, 5 | K34: 1, 3, 5 | L34: 2, 3 | M34: 2, 3 | N34: 1, 2, 3, 5 | O34: 1, 3, 5 | P34: 1, 5 | Q34: 1, 2, 3, 5 | R34: 1, 2, 3, 5 | S34: 3 | T34: 1, 3, 5 | U34: 1, 3, 5 | V34: 1, 3, 5 | W34: 1, 2, 3, 5 | X34: 2, 3 | Y34: 2 | Z34: 1, 2, 5 | DO34: Tag | DP34: 音頻含有異音 中轉版故障 | DQ34: 音頻含有異音 中轉版故障 | DR34: 音頻含有異音 中轉版故障
A35: Shut down device | B35: =COUNTIFS('C214'!$C$3:$F$3,"=0") -> 1 | C35: =COUNTIFS('C214'!$C$24:$F$24,"=0") -> 1 | D35: =COUNTIFS('C214'!$C$45:$F$45,"=0") -> 1 | E35: =COUNTIFS('C214'!$C$66:$F$66,"=0") -> 0 | F35: =COUNTIFS('C214'!$C$87:$F$87,"=0") -> 1 | H35: =COUNTIFS('C214'!$C$108:$F$108,"=0") -> 0 | K35: =COUNTIFS('C214'!$C$129:$F$129,"=0") -> 1 | L35: =COUNTIFS('C214'!$C$150:$F$150,"=0") -> 1 | M35: =COUNTIFS('C214'!$C$171:$F$171,"=0") -> 1 | N35: =COUNTIFS('C214'!$C$192:$F$192,"=0") -> 0 | O35: =COUNTIFS('C214'!$C$213:$F$213,"=0") -> 0 | P35: =COUNTIFS('C214'!$C$234:$F$234,"=0") -> 1 | Q35: =COUNTIFS('C214'!$C$255:$F$255,"=0") -> 0 | R35: =COUNTIFS('C214'!$C$276:$F$276,"=0") -> 0 | S35: =COUNTIFS('C214'!$C$297:$F$297,"=0") -> 1 | T35: =COUNTIFS('C214'!$C$318:$F$318,"=0") -> 0 | U35: =COUNTIFS('C214'!$C$339:$G$339,"=0") -> 1 | V35: =COUNTIFS('C214'!$C$360:$G$360,"=0") -> 1 | W35: =COUNTIFS('C214'!$C$381:$G$381,"=0") -> 1 | X35: =COUNTIFS('C214'!$C$402:$G$402,"=0") -> 1 | Y35: =COUNTIFS('C214'!$D$423:$H$423,"=0") -> 1 | Z35: =COUNTIFS('C214'!$C$444:$G$444,"=0") -> 1 | AA35: =COUNTIFS('C214'!$C$465:$G$465,"=0") -> 1 | DP35: 一號機MIC位置異常 | DQ35: 一號機MIC位置異常
A36: C215 | B36: 46083 | C36: 46084 | D36: 46085 | E36: 46086 | F36: 46087 | G36: 46088 | H36: 46090 | I36: 46091 | J36: 46092 | K36: 46093 | L36: 46094 | M36: 46095 | N36: 46097 | O36: 46098 | P36: 46099 | Q36: 46100 | R36: 46101 | S36: 46102 | T36: 46104 | U36: 46105 | V36: 46106 | W36: 46107 | X36: 46108 | Y36: 46109 | Z36: 46111 | AA36: 46112 | AB36: 46113 | AC36: 46114 | AD36: 46115 | AE36: 46116 | AF36: 46118 | AG36: 46119 | AH36: 46120 | AI36: 46121 | AJ36: 46122 | AK36: 46123 | AL36: 46125 | AM36: 46126 | AN36: 46127 | AO36: 46128 | AP36: 46129 | AQ36: 46130 | AR36: 46132 | AS36: 46133 | AT36: 46134 | AU36: 46135 | AV36: 46136 | AW36: 46137 | AX36: 46139 | AY36: 46140 | AZ36: 46141 | BA36: 46142 | BB36: 46143 | BC36: 46146 | BD36: 46147 | BE36: 46148 | BF36: 46149 | BG36: 46150 | BH36: 46151 | BI36: 46153 | BJ36: 46154 | BK36: 46155 | BL36: 46156 | BM36: 46157 | BN36: 46158 | BO36: 46160 | BP36: 46161 | BQ36: 46162 | BR36: 46163 | BS36: 46164 | BT36: 46165 | BU36: 46167 | BV36: 46168 | BW36: 46169 | BX36: 46170 | BY36: 46171 | BZ36: 46172 | CA36: 46173 | DO36: C215 | DP36: W15(4/6~11) | DQ36: W16(4/13~18) | DR36: W17(4/20~25)
A37: Total Fail Rate | B37: 0.0113 | C37: 0.0247 | D37: 0.0165 | E37: 0.0147 | F37: 0.0189 | H37: 0.0168 | I37: 0.027 | J37: 0.0243 | K37: 0.0236 | L37: 0.0274 | N37: 0.0715 | O37: 0.0725 | P37: 0.0084 | Q37: 0.0258 | R37: 0.0108 | T37: 0.0276 | U37: 0.0153 | V37: 0.99% | W37: ='C215'!$B383 -> 1.68% | X37: 0.77% | Y37: 0.85% | Z37: ='C215'!$B446 -> 1.64% | AA37: ='C215'!$B467 -> 0.81% | AB37: {=INDEX('C215'!$I:$I,5+(COLUMN()-28)*21)} -> 3.52% | AC37: {=INDEX('C215'!$I:$I,5+(COLUMN()-28)*21)} -> 1.72% | AD37: {=INDEX('C215'!$I:$I,5+(COLUMN()-28)*21)} -> 1.47% | AE37: {=INDEX('C215'!$I:$I,5+(COLUMN()-28)*21)} -> 1.26% | AF37: {=INDEX('C215'!$I:$I,5+(COLUMN()-28)*21)} -> 1.72% | AG37: {=INDEX('C215'!$I:$I,5+(COLUMN()-28)*21)} -> 2.41% | AH37: {=INDEX('C215'!$I:$I,5+(COLUMN()-28)*21)} -> 4.01% | AI37: {=INDEX('C215'!$I:$I,5+(COLUMN()-28)*21)} -> 4.17% | ... BA37: {=INDEX('C215'!$I:$I,5+(COLUMN()-28)*21)} -> 1.65% | BB37: {=_xlfn.NUMBERVALUE(INDEX('C215'!$P:$P,5+(COLUMN()-54)*21))} -> 0.0164 | BC37: {=_xlfn.NUMBERVALUE(INDEX('C215'!$P:$P,5+(COLUMN()-54)*21))} -> 0.0103 | BD37: {=_xlfn.NUMBERVALUE(INDEX('C215'!$P:$P,5+(COLUMN()-54)*21))} -> 0.0096 | BE37: {=_xlfn.NUMBERVALUE(INDEX('C215'!$P:$P,5+(COLUMN()-54)*21))} -> 0.03 | BF37: {=_xlfn.NUMBERVALUE(INDEX('C215'!$P:$P,5+(COLUMN()-54)*21))} -> 0.0211 | BG37: {=_xlfn.NUMBERVALUE(INDEX('C215'!$P:$P,5+(COLUMN()-54)*21))} -> 0.0141 | BH37: {=_xlfn.NUMBERVALUE(INDEX('C215'!$P:$P,5+(COLUMN()-54)*21))} -> 0.0162 | BI37: {=_xlfn.NUMBERVALUE(INDEX('C215'!$P:$P,5+(COLUMN()-54)*21))} -> 0.0196 | ... CA37: {=_xlfn.NUMBERVALUE(INDEX('C215'!$P:$P,5+(COLUMN()-54)*21))} -> 0 | DO37: Total | DP37: {=INDEX('C215'!$I:$I,3+4*21)+INDEX('C215'!$I:$I,3+5*21)+INDEX('C215'!$I:$I,3+6*21)+INDEX('C215'!$I:$I,3+7*21)+INDEX('C215'!$I:$I,3+8*21)+INDEX('C215'!$I:$I,3+9*21)} -> 16925 | DQ37: {=INDEX('C215'!$I:$I,3+10*21)+INDEX('C215'!$I:$I,3+11*21)+INDEX('C215'!$I:$I,3+12*21)+INDEX('C215'!$I:$I,3+13*21)+INDEX('C215'!$I:$I,3+14*21)+INDEX('C215'!$I:$I,3+15*21)} -> 24786 | DR37: {=INDEX('C215'!$I:$I,3+16*21)+INDEX('C215'!$I:$I,3+17*21)+INDEX('C215'!$I:$I,3+18*21)+INDEX('C215'!$I:$I,3+19*21)+INDEX('C215'!$I:$I,3+20*21)+INDEX('C215'!$I:$I,3+21*21)} -> 24009
A38: Noise Rate | B38: 0.0102 | C38: 0.0242 | D38: 0.0158 | E38: 0.0134 | F38: 0.0172 | H38: 0.0147 | I38: 0.0258 | J38: 0.018 | K38: 0.0192 | L38: 0.0225 | N38: 0.0647 | O38: 0.0659 | P38: 0.0032 | Q38: 0.0049 | R38: 0.0029 | T38: 0.0029 | U38: 0.004 | V38: 0.40% | W38: ='C215'!$B384 -> 0.41% | X38: 0.34% | Y38: 0.42% | Z38: ='C215'!$B447 -> 1.64% | AA38: ='C215'!$B468 -> 0.49% | AB38: {=INDEX('C215'!$I:$I,6+(COLUMN()-28)*21)} -> 2.91% | AC38: {=INDEX('C215'!$I:$I,6+(COLUMN()-28)*21)} -> 1.15% | AD38: {=INDEX('C215'!$I:$I,6+(COLUMN()-28)*21)} -> 0.78% | AE38: {=INDEX('C215'!$I:$I,6+(COLUMN()-28)*21)} -> 1.01% | AF38: {=INDEX('C215'!$I:$I,6+(COLUMN()-28)*21)} -> 1.20% | AG38: {=INDEX('C215'!$I:$I,6+(COLUMN()-28)*21)} -> 2.22% | AH38: {=INDEX('C215'!$I:$I,6+(COLUMN()-28)*21)} -> 3.75% | AI38: {=INDEX('C215'!$I:$I,6+(COLUMN()-28)*21)} -> 4.02% | ... BA38: {=INDEX('C215'!$I:$I,6+(COLUMN()-28)*21)} -> 1.11% | BB38: {=_xlfn.NUMBERVALUE(INDEX('C215'!$P:$P,6+(COLUMN()-54)*21))} -> 0.013 | BC38: {=_xlfn.NUMBERVALUE(INDEX('C215'!$P:$P,6+(COLUMN()-54)*21))} -> 0.0056 | BD38: {=_xlfn.NUMBERVALUE(INDEX('C215'!$P:$P,6+(COLUMN()-54)*21))} -> 0.0063 | BE38: {=_xlfn.NUMBERVALUE(INDEX('C215'!$P:$P,6+(COLUMN()-54)*21))} -> 0.0249 | BF38: {=_xlfn.NUMBERVALUE(INDEX('C215'!$P:$P,6+(COLUMN()-54)*21))} -> 0.0178 | BG38: {=_xlfn.NUMBERVALUE(INDEX('C215'!$P:$P,6+(COLUMN()-54)*21))} -> 0.0087 | BH38: {=_xlfn.NUMBERVALUE(INDEX('C215'!$P:$P,6+(COLUMN()-54)*21))} -> 0.0119 | BI38: {=_xlfn.NUMBERVALUE(INDEX('C215'!$P:$P,6+(COLUMN()-54)*21))} -> 0.0186 | ... CA38: {=_xlfn.NUMBERVALUE(INDEX('C215'!$P:$P,6+(COLUMN()-54)*21))} -> 0 | DO38: Noise Fail | DP38: {=INDEX('C215'!$I:$I,9+4*21)+INDEX('C215'!$I:$I,9+5*21)+INDEX('C215'!$I:$I,9+6*21)+INDEX('C215'!$I:$I,9+7*21)+INDEX('C215'!$I:$I,9+8*21)+INDEX('C215'!$I:$I,9+9*21)} -> 555 | DQ38: {=INDEX('C215'!$I:$I,9+10*21)+INDEX('C215'!$I:$I,9+11*21)+INDEX('C215'!$I:$I,9+12*21)+INDEX('C215'!$I:$I,9+13*21)+INDEX('C215'!$I:$I,9+14*21)+INDEX('C215'!$I:$I,9+15*21)} -> 726 | DR38: {=INDEX('C215'!$I:$I,9+16*21)+INDEX('C215'!$I:$I,9+17*21)+INDEX('C215'!$I:$I,9+18*21)+INDEX('C215'!$I:$I,9+19*21)+INDEX('C215'!$I:$I,9+20*21)+INDEX('C215'!$I:$I,9+21*21)} -> 451
A39: RPM Fail Rate | B39: 0.0011 | C39: 0.0005 | D39: 0.0007 | E39: 0.0012 | F39: 0.0017 | H39: 0.0022 | I39: 0.0012 | J39: 0.0063 | K39: 0.0045 | L39: 0.0049 | N39: 0.004 | O39: 0.0066 | P39: 0.0052 | Q39: 0.0209 | R39: 0.0079 | T39: 0.0247 | U39: 0.0113 | V39: 0.0059 | W39: 0.0127 | X39: 0.0043 | Y39: 0.0043 | Z39: ='C215'!$B448 -> 0.00% | AA39: ='C215'!$B469 -> 0.0032 | AB39: {=INDEX('C215'!$I:$I,7+(COLUMN()-28)*21)} -> 0.0061 | AC39: {=INDEX('C215'!$I:$I,7+(COLUMN()-28)*21)} -> 0.0057 | AD39: {=INDEX('C215'!$I:$I,7+(COLUMN()-28)*21)} -> 0.0069 | AE39: {=INDEX('C215'!$I:$I,7+(COLUMN()-28)*21)} -> 0.0025 | AF39: {=INDEX('C215'!$I:$I,7+(COLUMN()-28)*21)} -> 0.0052 | AG39: {=INDEX('C215'!$I:$I,7+(COLUMN()-28)*21)} -> 0.0019 | AH39: {=INDEX('C215'!$I:$I,7+(COLUMN()-28)*21)} -> 0.0026 | AI39: {=INDEX('C215'!$I:$I,7+(COLUMN()-28)*21)} -> 0.0015 | ... BA39: {=INDEX('C215'!$I:$I,7+(COLUMN()-28)*21)} -> 0.0051935788 | BB39: {=_xlfn.NUMBERVALUE(INDEX('C215'!$P:$P,7+(COLUMN()-54)*21))} -> 0.0033624748 | BC39: {=_xlfn.NUMBERVALUE(INDEX('C215'!$P:$P,7+(COLUMN()-54)*21))} -> 0.0047 | BD39: {=_xlfn.NUMBERVALUE(INDEX('C215'!$P:$P,7+(COLUMN()-54)*21))} -> 0.0032886415 | BE39: {=_xlfn.NUMBERVALUE(INDEX('C215'!$P:$P,7+(COLUMN()-54)*21))} -> 0.0048490192 | BF39: {=_xlfn.NUMBERVALUE(INDEX('C215'!$P:$P,7+(COLUMN()-54)*21))} -> 0.0032163743 | BG39: {=_xlfn.NUMBERVALUE(INDEX('C215'!$P:$P,7+(COLUMN()-54)*21))} -> 0.0054200542 | BH39: {=_xlfn.NUMBERVALUE(INDEX('C215'!$P:$P,7+(COLUMN()-54)*21))} -> 0.004311438 | BI39: {=_xlfn.NUMBERVALUE(INDEX('C215'!$P:$P,7+(COLUMN()-54)*21))} -> 0.00097943193 | ... CA39: {=_xlfn.NUMBERVALUE(INDEX('C215'!$P:$P,7+(COLUMN()-54)*21))} -> 0 | DO39: RPM Fail | DP39: {=INDEX('C215'!$I:$I,15+4*21)+INDEX('C215'!$I:$I,15+5*21)+INDEX('C215'!$I:$I,15+6*21)+INDEX('C215'!$I:$I,15+7*21)+INDEX('C215'!$I:$I,15+8*21)+INDEX('C215'!$I:$I,15+9*21)} -> 65 | DQ39: {=INDEX('C215'!$I:$I,15+10*21)+INDEX('C215'!$I:$I,15+11*21)+INDEX('C215'!$I:$I,15+12*21)+INDEX('C215'!$I:$I,15+13*21)+INDEX('C215'!$I:$I,15+14*21)+INDEX('C215'!$I:$I,15+15*21)} -> 154 | DR39: {=INDEX('C215'!$I:$I,15+16*21)+INDEX('C215'!$I:$I,15+17*21)+INDEX('C215'!$I:$I,15+18*21)+INDEX('C215'!$I:$I,15+19*21)+INDEX('C215'!$I:$I,15+20*21)+INDEX('C215'!$I:$I,15+21*21)} -> 107
A40: Other Fail Rate | B40: 0.0011 | C40: 0.0009 | D40: 0.001 | E40: 0.0012 | F40: 0.0017 | H40: 0.0022 | I40: 0.0012 | J40: 0.0063 | K40: 0.0045 | L40: 0.0049 | N40: 0.004 | O40: 0.0033 | P40: 0.0045 | Q40: 0.0172 | R40: 0.0036 | T40: 0.0098 | U40: 0.0048 | V40: 0.22% | W40: ='C215'!$B386 -> 0.17% | X40: 0.25% | Y40: 0.24% | Z40: ='C215'!$B449 -> 0.00% | AA40: ='C215'!$B470 -> 0.16% | AB40: {=INDEX('C215'!$I:$I,8+(COLUMN()-28)*21)} -> 0.31% | AC40: {=INDEX('C215'!$I:$I,8+(COLUMN()-28)*21)} -> 0.25% | AD40: {=INDEX('C215'!$I:$I,8+(COLUMN()-28)*21)} -> 0.23% | AE40: {=INDEX('C215'!$I:$I,8+(COLUMN()-28)*21)} -> 0.13% | AF40: {=INDEX('C215'!$I:$I,8+(COLUMN()-28)*21)} -> 0.07% | AG40: {=INDEX('C215'!$I:$I,8+(COLUMN()-28)*21)} -> 0.10% | AH40: {=INDEX('C215'!$I:$I,8+(COLUMN()-28)*21)} -> 0.09% | AI40: {=INDEX('C215'!$I:$I,8+(COLUMN()-28)*21)} -> 0.06% | ... BA40: {=INDEX('C215'!$I:$I,8+(COLUMN()-28)*21)} -> 0.38% | BB40: {=_xlfn.NUMBERVALUE(INDEX('C215'!$P:$P,8+(COLUMN()-54)*21))} -> 0.002 | BC40: {=_xlfn.NUMBERVALUE(INDEX('C215'!$P:$P,8+(COLUMN()-54)*21))} -> 0.0037 | BD40: {=_xlfn.NUMBERVALUE(INDEX('C215'!$P:$P,8+(COLUMN()-54)*21))} -> 0.0013 | BE40: {=_xlfn.NUMBERVALUE(INDEX('C215'!$P:$P,8+(COLUMN()-54)*21))} -> 0.0015 | BF40: {=_xlfn.NUMBERVALUE(INDEX('C215'!$P:$P,8+(COLUMN()-54)*21))} -> 0.0026 | BG40: {=_xlfn.NUMBERVALUE(INDEX('C215'!$P:$P,8+(COLUMN()-54)*21))} -> 0.0054 | BH40: {=_xlfn.NUMBERVALUE(INDEX('C215'!$P:$P,8+(COLUMN()-54)*21))} -> 0.0046 | BI40: {=_xlfn.NUMBERVALUE(INDEX('C215'!$P:$P,8+(COLUMN()-54)*21))} -> 0.001 | ... CA40: {=_xlfn.NUMBERVALUE(INDEX('C215'!$P:$P,8+(COLUMN()-54)*21))} -> 0 | DO40: Others Fail | DP40: {=INDEX('C215'!$I:$I,18+4*21)+INDEX('C215'!$I:$I,18+5*21)+INDEX('C215'!$I:$I,18+6*21)+INDEX('C215'!$I:$I,18+7*21)+INDEX('C215'!$I:$I,18+8*21)+INDEX('C215'!$I:$I,18+9*21)} -> 22 | DQ40: {=INDEX('C215'!$I:$I,18+10*21)+INDEX('C215'!$I:$I,18+11*21)+INDEX('C215'!$I:$I,18+12*21)+INDEX('C215'!$I:$I,18+13*21)+INDEX('C215'!$I:$I,18+14*21)+INDEX('C215'!$I:$I,18+15*21)} -> 106 | DR40: {=INDEX('C215'!$I:$I,18+16*21)+INDEX('C215'!$I:$I,18+17*21)+INDEX('C215'!$I:$I,18+18*21)+INDEX('C215'!$I:$I,18+19*21)+INDEX('C215'!$I:$I,18+20*21)+INDEX('C215'!$I:$I,18+21*21)} -> 52
A41: Failure Mode | DO41: Tag
A42: Shut down device | B42: =COUNTIFS('C215'!$C$3:$F$3,"=0") -> 0 | C42: =COUNTIFS('C215'!$C$24:$F$24,"=0") -> 0 | D42: =COUNTIFS('C215'!$C$45:$F$45,"=0") -> 0 | E42: =COUNTIFS('C215'!$C$66:$F$66,"=0") -> 0 | F42: =COUNTIFS('C215'!$C$87:$F$87,"=0") -> 0 | H42: =COUNTIFS('C215'!$C$108:$F$108,"=0") -> 0 | I42: =COUNTIFS('C215'!$C$129:$F$129,"=0") -> 0 | J42: =COUNTIFS('C215'!$C$150:$F$150,"=0") -> 0 | K42: =COUNTIFS('C215'!$C$171:$F$171,"=0") -> 0 | L42: =COUNTIFS('C215'!$C$192:$F$192,"=0") -> 0 | N42: =COUNTIFS('C215'!$C$213:$F$213,"=0") -> 0 | O42: =COUNTIFS('C215'!$C$234:$F$234,"=0") -> 0 | P42: =COUNTIFS('C215'!$C$255:$F$255,"=0") -> 2 | Q42: =COUNTIFS('C215'!$C$276:$F$276,"=0") -> 2 | R42: =COUNTIFS('C215'!$C$297:$F$297,"=0") -> 2 | T42: =COUNTIFS('C215'!$C$318:$F$318,"=0") -> 2 | U42: =COUNTIFS('C215'!$C$339:$F$339,"=0") -> 2 | V42: =COUNTIFS('C215'!$C$360:$F$360,"=0") -> 0 | W42: =COUNTIFS('C215'!$C$381:$F$381,"=0") -> 0 | X42: =COUNTIFS('C215'!$C$402:$F$402,"=0") -> 0 | Y42: =COUNTIFS('C215'!$C$423:$F$423,"=0") -> 0 | Z42: =COUNTIFS('C215'!$C$444:$F$444,"=0") -> 0 | AA42: =COUNTIFS('C215'!$C$465:$F$465,"=0") -> 0
A43: C216 | B43: 46083 | C43: 46084 | D43: 46085 | E43: 46086 | F43: 46087 | G43: 46088 | H43: 46090 | I43: 46091 | J43: 46092 | K43: 46093 | L43: 46094 | M43: 46095 | N43: 46097 | O43: 46098 | P43: 46099 | Q43: 46100 | R43: 46101 | S43: 46102 | T43: 46104 | U43: 46105 | V43: 46106 | W43: 46107 | X43: 46108 | Y43: 46109 | Z43: 46111 | AA43: 46112 | AB43: 46113 | AC43: 46114 | AD43: 46115 | AE43: 46116 | AF43: 46118 | AG43: 46119 | AH43: 46120 | AI43: 46121 | AJ43: 46122 | AK43: 46123 | AL43: 46125 | AM43: 46126 | AN43: 46127 | AO43: 46128 | AP43: 46129 | AQ43: 46130 | AR43: 46132 | AS43: 46133 | AT43: 46134 | AU43: 46135 | AV43: 46136 | AW43: 46137 | AX43: 46139 | AY43: 46140 | AZ43: 46141 | BA43: 46142 | BB43: 46143 | BC43: 46146 | BD43: 46147 | BE43: 46148 | BF43: 46149 | BG43: 46150 | BH43: 46151 | BI43: 46153 | BJ43: 46154 | BK43: 46155 | BL43: 46156 | BM43: 46157 | BN43: 46158 | BO43: 46160 | BP43: 46161 | BQ43: 46162 | BR43: 46163 | BS43: 46164 | BT43: 46165 | BU43: 46167 | BV43: 46168 | BW43: 46169 | BX43: 46170 | BY43: 46171 | BZ43: 46172 | CA43: 46173 | DO43: C216 | DP43: W15(4/6~11) | DQ43: W16(4/13~18) | DR43: W17(4/20~25)
A44: Total Fail Rate | B44: 0.0534 | C44: 0.0751 | D44: 0.0757 | E44: 0.0851 | F44: 0.0823 | G44: 0.0713 | H44: 0.0801 | I44: 0.0639 | J44: 0.1655 | K44: 0.0428 | L44: 0.0488 | M44: 0.0308 | N44: 0.0482 | O44: 0.1632 | P44: 0.1352 | Q44: 0.1461 | R44: 0.1476 | S44: 0.0459 | T44: 0.089 | U44: 0.0981 | V44: 3.19% | W44: ='C216'!$B446 -> 2.82% | X44: 7.30% | Y44: 10.65% | Z44: ='C216'!$B509 -> 16.01% | AA44: ='C216'!$B530 -> 15.22% | AB44: {=INDEX('C216'!$I:$I,5+(COLUMN()-28)*21)} -> 9.67% | AC44: {=INDEX('C216'!$I:$I,5+(COLUMN()-28)*21)} -> 12.03% | AD44: {=INDEX('C216'!$I:$I,5+(COLUMN()-28)*21)} -> 15.58% | AE44: {=INDEX('C216'!$I:$I,5+(COLUMN()-28)*21)} -> 9.80% | AF44: {=INDEX('C216'!$I:$I,5+(COLUMN()-28)*21)} -> 10.64% | AG44: {=INDEX('C216'!$I:$I,5+(COLUMN()-28)*21)} -> 9.92% | AH44: {=INDEX('C216'!$I:$I,5+(COLUMN()-28)*21)} -> 13.04% | AI44: {=INDEX('C216'!$I:$I,5+(COLUMN()-28)*21)} -> 10.58% | ... BA44: {=INDEX('C216'!$I:$I,5+(COLUMN()-28)*21)} -> 16.94% | BB44: {=_xlfn.NUMBERVALUE(INDEX('C216'!$P:$P,5+(COLUMN()-54)*21))} -> 0.1439 | BC44: {=_xlfn.NUMBERVALUE(INDEX('C216'!$P:$P,5+(COLUMN()-54)*21))} -> 0.0238 | BD44: {=_xlfn.NUMBERVALUE(INDEX('C216'!$P:$P,5+(COLUMN()-54)*21))} -> 0.0503 | BE44: {=_xlfn.NUMBERVALUE(INDEX('C216'!$P:$P,5+(COLUMN()-54)*21))} -> 0.1131 | BF44: {=_xlfn.NUMBERVALUE(INDEX('C216'!$P:$P,5+(COLUMN()-54)*21))} -> 0.0997 | BG44: {=_xlfn.NUMBERVALUE(INDEX('C216'!$P:$P,5+(COLUMN()-54)*21))} -> 0.0759 | BH44: {=_xlfn.NUMBERVALUE(INDEX('C216'!$P:$P,5+(COLUMN()-54)*21))} -> 0.1042 | BI44: {=_xlfn.NUMBERVALUE(INDEX('C216'!$P:$P,5+(COLUMN()-54)*21))} -> 0.124 | ... CA44: {=_xlfn.NUMBERVALUE(INDEX('C216'!$P:$P,5+(COLUMN()-54)*21))} -> 0 | DO44: Total | DP44: {=INDEX('C216'!$I:$I,3+4*21)+INDEX('C216'!$I:$I,3+5*21)+INDEX('C216'!$I:$I,3+6*21)+INDEX('C216'!$I:$I,3+7*21)+INDEX('C216'!$I:$I,3+8*21)+INDEX('C216'!$I:$I,3+9*21)} -> 30635 | DQ44: {=INDEX('C216'!$I:$I,3+10*21)+INDEX('C216'!$I:$I,3+11*21)+INDEX('C216'!$I:$I,3+12*21)+INDEX('C216'!$I:$I,3+13*21)+INDEX('C216'!$I:$I,3+14*21)+INDEX('C216'!$I:$I,3+15*21)} -> 35798 | DR44: {=INDEX('C216'!$I:$I,3+16*21)+INDEX('C216'!$I:$I,3+17*21)+INDEX('C216'!$I:$I,3+18*21)+INDEX('C216'!$I:$I,3+19*21)+INDEX('C216'!$I:$I,3+20*21)+INDEX('C216'!$I:$I,3+21*21)} -> 39000
A45: Noise Rate | B45: 0.0493 | C45: 0.0725 | D45: 0.0561 | E45: 0.0552 | F45: 0.0667 | G45: 0.0678 | H45: 0.0692 | I45: 0.0508 | J45: 0.0272 | K45: 0.0363 | L45: 0.0351 | M45: 0.0246 | N45: 0.022 | O45: 0.044 | P45: 0.0365 | Q45: 0.0453 | R45: 0.0708 | S45: 0.0419 | T45: 0.0484 | U45: 0.0255 | V45: 3.19% | W45: ='C216'!$B447 -> 2.80% | X45: 5.31% | Y45: 6.32% | Z45: ='C216'!$B510 -> 6.21% | AA45: ='C216'!$B531 -> 8.45% | AB45: {=INDEX('C216'!$I:$I,6+(COLUMN()-28)*21)} -> 5.89% | AC45: {=INDEX('C216'!$I:$I,6+(COLUMN()-28)*21)} -> 8.51% | AD45: {=INDEX('C216'!$I:$I,6+(COLUMN()-28)*21)} -> 13.46% | AE45: {=INDEX('C216'!$I:$I,6+(COLUMN()-28)*21)} -> 9.38% | AF45: {=INDEX('C216'!$I:$I,6+(COLUMN()-28)*21)} -> 2.30% | AG45: {=INDEX('C216'!$I:$I,6+(COLUMN()-28)*21)} -> 5.06% | AH45: {=INDEX('C216'!$I:$I,6+(COLUMN()-28)*21)} -> 8.76% | AI45: {=INDEX('C216'!$I:$I,6+(COLUMN()-28)*21)} -> 8.85% | ... BA45: {=INDEX('C216'!$I:$I,6+(COLUMN()-28)*21)} -> 9.21% | BB45: {=_xlfn.NUMBERVALUE(INDEX('C216'!$P:$P,6+(COLUMN()-54)*21))} -> 0.0254 | BC45: {=_xlfn.NUMBERVALUE(INDEX('C216'!$P:$P,6+(COLUMN()-54)*21))} -> 0.0238 | BD45: {=_xlfn.NUMBERVALUE(INDEX('C216'!$P:$P,6+(COLUMN()-54)*21))} -> 0.0495 | BE45: {=_xlfn.NUMBERVALUE(INDEX('C216'!$P:$P,6+(COLUMN()-54)*21))} -> 0.1101 | BF45: {=_xlfn.NUMBERVALUE(INDEX('C216'!$P:$P,6+(COLUMN()-54)*21))} -> 0.099 | BG45: {=_xlfn.NUMBERVALUE(INDEX('C216'!$P:$P,6+(COLUMN()-54)*21))} -> 0.0616 | BH45: {=_xlfn.NUMBERVALUE(INDEX('C216'!$P:$P,6+(COLUMN()-54)*21))} -> 0.0484 | BI45: {=_xlfn.NUMBERVALUE(INDEX('C216'!$P:$P,6+(COLUMN()-54)*21))} -> 0.1201 | ... CA45: {=_xlfn.NUMBERVALUE(INDEX('C216'!$P:$P,6+(COLUMN()-54)*21))} -> 0 | DO45: Noise Fail | DP45: {=INDEX('C216'!$I:$I,9+4*21)+INDEX('C216'!$I:$I,9+5*21)+INDEX('C216'!$I:$I,9+6*21)+INDEX('C216'!$I:$I,9+7*21)+INDEX('C216'!$I:$I,9+8*21)+INDEX('C216'!$I:$I,9+9*21)} -> 1697 | DQ45: {=INDEX('C216'!$I:$I,9+10*21)+INDEX('C216'!$I:$I,9+11*21)+INDEX('C216'!$I:$I,9+12*21)+INDEX('C216'!$I:$I,9+13*21)+INDEX('C216'!$I:$I,9+14*21)+INDEX('C216'!$I:$I,9+15*21)} -> 873 | DR45: {=INDEX('C216'!$I:$I,9+16*21)+INDEX('C216'!$I:$I,9+17*21)+INDEX('C216'!$I:$I,9+18*21)+INDEX('C216'!$I:$I,9+19*21)+INDEX('C216'!$I:$I,9+20*21)+INDEX('C216'!$I:$I,9+21*21)} -> 2400
A46: RPM Fail Rate | B46: 0.0071 | C46: 0.0036 | D46: 0.0177 | E46: 0.0331 | F46: 0.0216 | G46: 0.0042 | H46: 0.0114 | I46: 0.0095 | J46: 0.1378 | K46: 0.0065 | L46: 0.0137 | M46: 0.0062 | N46: 0.0262 | O46: 0.0949 | P46: 0.0777 | Q46: 0.0752 | R46: 0.0644 | S46: 0.004 | T46: 0.0406 | U46: 0.0757 | V46: 0.09% | W46: ='C216'!$B448 -> 0.30% | X46: 1.84% | Y46: 2.96% | Z46: ='C216'!$B511 -> 6.81% | AA46: ='C216'!$B532 -> 4.40% | AB46: {=INDEX('C216'!$I:$I,7+(COLUMN()-28)*21)} -> 2.45% | AC46: {=INDEX('C216'!$I:$I,7+(COLUMN()-28)*21)} -> 2.84% | AD46: {=INDEX('C216'!$I:$I,7+(COLUMN()-28)*21)} -> 2.09% | AE46: {=INDEX('C216'!$I:$I,7+(COLUMN()-28)*21)} -> 0.42% | AF46: {=INDEX('C216'!$I:$I,7+(COLUMN()-28)*21)} -> 7.30% | AG46: {=INDEX('C216'!$I:$I,7+(COLUMN()-28)*21)} -> 4.86% | AH46: {=INDEX('C216'!$I:$I,7+(COLUMN()-28)*21)} -> 4.28% | AI46: {=INDEX('C216'!$I:$I,7+(COLUMN()-28)*21)} -> 1.73% | ... BA46: {=INDEX('C216'!$I:$I,7+(COLUMN()-28)*21)} -> 6.85% | BB46: {=_xlfn.NUMBERVALUE(INDEX('C216'!$P:$P,7+(COLUMN()-54)*21))} -> 0.1192 | BC46: {=_xlfn.NUMBERVALUE(INDEX('C216'!$P:$P,7+(COLUMN()-54)*21))} -> 0.002 | BD46: {=_xlfn.NUMBERVALUE(INDEX('C216'!$P:$P,7+(COLUMN()-54)*21))} -> 0.0024 | BE46: {=_xlfn.NUMBERVALUE(INDEX('C216'!$P:$P,7+(COLUMN()-54)*21))} -> 0.0029 | BF46: {=_xlfn.NUMBERVALUE(INDEX('C216'!$P:$P,7+(COLUMN()-54)*21))} -> 0.0007 | BG46: {=_xlfn.NUMBERVALUE(INDEX('C216'!$P:$P,7+(COLUMN()-54)*21))} -> 0.0142 | BH46: {=_xlfn.NUMBERVALUE(INDEX('C216'!$P:$P,7+(COLUMN()-54)*21))} -> 0.0557 | BI46: {=_xlfn.NUMBERVALUE(INDEX('C216'!$P:$P,7+(COLUMN()-54)*21))} -> 0.0039 | ... CA46: {=_xlfn.NUMBERVALUE(INDEX('C216'!$P:$P,7+(COLUMN()-54)*21))} -> 0 | DO46: RPM Fail | DP46: {=INDEX('C216'!$I:$I,15+4*21)+INDEX('C216'!$I:$I,15+5*21)+INDEX('C216'!$I:$I,15+6*21)+INDEX('C216'!$I:$I,15+7*21)+INDEX('C216'!$I:$I,15+8*21)+INDEX('C216'!$I:$I,15+9*21)} -> 1013 | DQ46: {=INDEX('C216'!$I:$I,15+10*21)+INDEX('C216'!$I:$I,15+11*21)+INDEX('C216'!$I:$I,15+12*21)+INDEX('C216'!$I:$I,15+13*21)+INDEX('C216'!$I:$I,15+14*21)+INDEX('C216'!$I:$I,15+15*21)} -> 1179 | DR46: {=INDEX('C216'!$I:$I,15+16*21)+INDEX('C216'!$I:$I,15+17*21)+INDEX('C216'!$I:$I,15+18*21)+INDEX('C216'!$I:$I,15+19*21)+INDEX('C216'!$I:$I,15+20*21)+INDEX('C216'!$I:$I,15+21*21)} -> 815
A47: Other Fail Rate | B47: 0 | C47: 0.0009 | D47: 0 | E47: 0.0009 | F47: 0 | G47: 0 | H47: 0.0005 | I47: 0.0008 | J47: 0.0241 | K47: 0 | L47: 0.0001 | M47: 0 | N47: 0 | O47: 0.0003 | P47: 0.0002 | Q47: 0.0002 | R47: 0 | S47: 0 | T47: 0.0013 | U47: 0.0723 | V47: 0.00% | W47: ='C216'!$B449 -> 0.00% | X47: 0.04% | Y47: 0.00% | Z47: ='C216'!$B512 -> 0.00% | AA47: ='C216'!$B533 -> 0.02% | AB47: {=INDEX('C216'!$I:$I,8+(COLUMN()-28)*21)} -> 0.00% | AC47: {=INDEX('C216'!$I:$I,8+(COLUMN()-28)*21)} -> 0.00% | AD47: {=INDEX('C216'!$I:$I,8+(COLUMN()-28)*21)} -> 0.02% | AE47: {=INDEX('C216'!$I:$I,8+(COLUMN()-28)*21)} -> 0.00% | AF47: {=INDEX('C216'!$I:$I,8+(COLUMN()-28)*21)} -> 0.00% | AG47: {=INDEX('C216'!$I:$I,8+(COLUMN()-28)*21)} -> 0.00% | AH47: {=INDEX('C216'!$I:$I,8+(COLUMN()-28)*21)} -> 0.04% | AI47: {=INDEX('C216'!$I:$I,8+(COLUMN()-28)*21)} -> 0.00% | ... BA47: {=INDEX('C216'!$I:$I,8+(COLUMN()-28)*21)} -> 0.00% | BB47: {=_xlfn.NUMBERVALUE(INDEX('C216'!$P:$P,8+(COLUMN()-54)*21))} -> 0.0021 | BC47: {=_xlfn.NUMBERVALUE(INDEX('C216'!$P:$P,8+(COLUMN()-54)*21))} -> 0 | BD47: {=_xlfn.NUMBERVALUE(INDEX('C216'!$P:$P,8+(COLUMN()-54)*21))} -> 0 | BE47: {=_xlfn.NUMBERVALUE(INDEX('C216'!$P:$P,8+(COLUMN()-54)*21))} -> 0 | BF47: {=_xlfn.NUMBERVALUE(INDEX('C216'!$P:$P,8+(COLUMN()-54)*21))} -> 0 | BG47: {=_xlfn.NUMBERVALUE(INDEX('C216'!$P:$P,8+(COLUMN()-54)*21))} -> 0 | BH47: {=_xlfn.NUMBERVALUE(INDEX('C216'!$P:$P,8+(COLUMN()-54)*21))} -> 0 | BI47: {=_xlfn.NUMBERVALUE(INDEX('C216'!$P:$P,8+(COLUMN()-54)*21))} -> 0.0002 | ... CA47: {=_xlfn.NUMBERVALUE(INDEX('C216'!$P:$P,8+(COLUMN()-54)*21))} -> 0 | DO47: Others Fail | DP47: {=INDEX('C216'!$I:$I,18+4*21)+INDEX('C216'!$I:$I,18+5*21)+INDEX('C216'!$I:$I,18+6*21)+INDEX('C216'!$I:$I,18+7*21)+INDEX('C216'!$I:$I,18+8*21)+INDEX('C216'!$I:$I,18+9*21)} -> 12 | DQ47: {=INDEX('C216'!$I:$I,18+10*21)+INDEX('C216'!$I:$I,18+11*21)+INDEX('C216'!$I:$I,18+12*21)+INDEX('C216'!$I:$I,18+13*21)+INDEX('C216'!$I:$I,18+14*21)+INDEX('C216'!$I:$I,18+15*21)} -> 4 | DR47: {=INDEX('C216'!$I:$I,18+16*21)+INDEX('C216'!$I:$I,18+17*21)+INDEX('C216'!$I:$I,18+18*21)+INDEX('C216'!$I:$I,18+19*21)+INDEX('C216'!$I:$I,18+20*21)+INDEX('C216'!$I:$I,18+21*21)} -> 0
A48: Failure Mode | B48: 1, 5 | C48: 1, 5 | D48: 1, 2, 5 | E48: 1, 2, 5 | F48: 1, 2, 5 | G48: 1 | H48: 1, 5 | I48: 1, 5 | J48: 1, 2, 3, 5 | K48: 1, 3, 5 | L48: 1, 2, 3, 5 | M48: 1, 5 | N48: 2, 5 | O48: 1, 2, 5 | P48: 1, 2, 5 | Q48: 1, 2, 5 | R48: 1, 2, 5 | T48: 2 | U48: 3 | Z48: 3 | DO48: Tag | DP48: 中轉版故障 | DQ48: 中轉版故障 | DR48: 中轉版故障
A49: Shut down device | B49: =COUNTIFS('C216'!$C$3:$F$3,"=0") -> 0 | C49: =COUNTIFS('C216'!$C$24:$F$24,"=0") -> 0 | D49: =COUNTIFS('C216'!$C$45:$F$45,"=0") -> 0 | E49: =COUNTIFS('C216'!$C$66:$F$66,"=0") -> 0 | F49: =COUNTIFS('C216'!$C$87:$F$87,"=0") -> 0 | G49: =COUNTIFS('C216'!$C$108:$F$108,"=0") -> 0 | H49: =COUNTIFS('C216'!$C$129:$F$129,"=0") -> 0 | I49: =COUNTIFS('C216'!$C$150:$F$150,"=0") -> 0 | J49: =COUNTIFS('C216'!$C$171:$F$171,"=0") -> 0 | K49: =COUNTIFS('C216'!$C$192:$F$192,"=0") -> 0 | L49: =COUNTIFS('C216'!$C$213:$F$213,"=0") -> 0 | M49: =COUNTIFS('C216'!$C$234:$F$234,"=0") -> 0 | N49: =COUNTIFS('C216'!$C$255:$F$255,"=0") -> 0 | O49: =COUNTIFS('C216'!$C$276:$F$276,"=0") -> 0 | P49: =COUNTIFS('C216'!$C$297:$F$297,"=0") -> 0 | Q49: =COUNTIFS('C216'!$C$318:$F$318,"=0") -> 0 | R49: =COUNTIFS('C216'!$C$339:$F$339,"=0") -> 0 | S49: =COUNTIFS('C216'!$C$360:$F$360,"=0") -> 0 | T49: =COUNTIFS('C216'!$C$381:$F$381,"=0") -> 0 | U49: =COUNTIFS('C216'!$C$402:$F$402,"=0") -> 0 | V49: =COUNTIFS('C216'!$C$423:$F$423,"=0") -> 0 | W49: =COUNTIFS('C216'!$C$444:$F$444,"=0") -> 0 | X49: =COUNTIFS('C216'!$C$465:$F$465,"=0") -> 0 | Y49: =COUNTIFS('C216'!$C$486:$F$486,"=0") -> 0 | Z49: =COUNTIFS('C216'!$C$507:$F$507,"=0") -> 0 | AA49: =COUNTIFS('C216'!$C$528:$F$528,"=0") -> 0 | DP49: 4/6~9的測試參數錯誤(1444Pcs) | DR49: 音頻含有異音
A50: C217 | B50: 46083 | C50: 46084 | D50: 46085 | E50: 46086 | F50: 46087 | G50: 46088 | H50: 46090 | I50: 46091 | J50: 46092 | K50: 46093 | L50: 46094 | M50: 46095 | N50: 46097 | O50: 46098 | P50: 46099 | Q50: 46100 | R50: 46101 | S50: 46102 | T50: 46104 | U50: 46105 | V50: 46106 | W50: 46107 | X50: 46108 | Y50: 46109 | Z50: 46111 | AA50: 46112 | AB50: 46113 | AC50: 46114 | AD50: 46115 | AE50: 46116 | AF50: 46118 | AG50: 46119 | AH50: 46120 | AI50: 46121 | AJ50: 46122 | AK50: 46123 | AL50: 46125 | AM50: 46126 | AN50: 46127 | AO50: 46128 | AP50: 46129 | AQ50: 46130 | AR50: 46132 | AS50: 46133 | AT50: 46134 | AU50: 46135 | AV50: 46136 | AW50: 46137 | AX50: 46139 | AY50: 46140 | AZ50: 46141 | BA50: 46142 | BB50: 46143 | BC50: 46146 | BD50: 46147 | BE50: 46148 | BF50: 46149 | BG50: 46150 | BH50: 46151 | BI50: 46153 | BJ50: 46154 | BK50: 46155 | BL50: 46156 | BM50: 46157 | BN50: 46158 | BO50: 46160 | BP50: 46161 | BQ50: 46162 | BR50: 46163 | BS50: 46164 | BT50: 46165 | BU50: 46167 | BV50: 46168 | BW50: 46169 | BX50: 46170 | BY50: 46171 | BZ50: 46172 | CA50: 46173 | DO50: C217 | DP50: W15(4/6~11) | DQ50: W16(4/13~18) | DR50: W17(4/20~25)
A51: Total Fail Rate | B51: 0.0315 | C51: 0.0379 | D51: 0.037 | E51: 0.0496 | F51: 0.0735 | G51: 0.068 | H51: 0.0805 | I51: 0.0538 | J51: 0.0183 | K51: 0.0442 | L51: 0.0283 | M51: 0.0193 | N51: 0.0291 | O51: 0.0627 | U51: 0.0393 | V51: 5.12% | W51: ='C217'!$B341 -> 6.74% | X51: 3.76% | Y51: 3.59% | Z51: ='C217'!$B404 -> 6.39% | AA51: ='C217'!$B425 -> 6.36% | AB51: {=INDEX('C217'!$I:$I,5+(COLUMN()-28)*21)} -> 7.59% | AC51: {=INDEX('C217'!$I:$I,5+(COLUMN()-28)*21)} -> 7.34% | AD51: {=INDEX('C217'!$I:$I,5+(COLUMN()-28)*21)} -> 10.23% | AE51: {=INDEX('C217'!$I:$I,5+(COLUMN()-28)*21)} -> 0 | AF51: {=INDEX('C217'!$I:$I,5+(COLUMN()-28)*21)} -> 6.87% | AG51: {=INDEX('C217'!$I:$I,5+(COLUMN()-28)*21)} -> 7.08% | AH51: {=INDEX('C217'!$I:$I,5+(COLUMN()-28)*21)} -> 6.21% | AI51: {=INDEX('C217'!$I:$I,5+(COLUMN()-28)*21)} -> 5.62% | ... BA51: {=INDEX('C217'!$I:$I,5+(COLUMN()-28)*21)} -> 3.02% | BB51: {=_xlfn.NUMBERVALUE(INDEX('C217'!$P:$P,5+(COLUMN()-54)*21))} -> 0 | BC51: {=_xlfn.NUMBERVALUE(INDEX('C217'!$P:$P,5+(COLUMN()-54)*21))} -> 0.032948224 | BD51: {=_xlfn.NUMBERVALUE(INDEX('C217'!$P:$P,5+(COLUMN()-54)*21))} -> 0.0209 | BE51: {=_xlfn.NUMBERVALUE(INDEX('C217'!$P:$P,5+(COLUMN()-54)*21))} -> 0.0311 | BF51: {=_xlfn.NUMBERVALUE(INDEX('C217'!$P:$P,5+(COLUMN()-54)*21))} -> 0.0225 | BG51: {=_xlfn.NUMBERVALUE(INDEX('C217'!$P:$P,5+(COLUMN()-54)*21))} -> 0.0253 | BH51: {=_xlfn.NUMBERVALUE(INDEX('C217'!$P:$P,5+(COLUMN()-54)*21))} -> 0 | BI51: {=_xlfn.NUMBERVALUE(INDEX('C217'!$P:$P,5+(COLUMN()-54)*21))} -> 0.0219 | ... CA51: {=_xlfn.NUMBERVALUE(INDEX('C217'!$P:$P,5+(COLUMN()-54)*21))} -> 0 | DO51: Total | DP51: {=INDEX('C217'!$I:$I,3+4*21)+INDEX('C217'!$I:$I,3+5*21)+INDEX('C217'!$I:$I,3+6*21)+INDEX('C217'!$I:$I,3+7*21)+INDEX('C217'!$I:$I,3+8*21)+INDEX('C217'!$I:$I,3+9*21)} -> 17426 | DQ51: {=INDEX('C217'!$I:$I,3+10*21)+INDEX('C217'!$I:$I,3+11*21)+INDEX('C217'!$I:$I,3+12*21)+INDEX('C217'!$I:$I,3+13*21)+INDEX('C217'!$I:$I,3+14*21)+INDEX('C217'!$I:$I,3+15*21)} -> 16925 | DR51: {=INDEX('C217'!$I:$I,3+16*21)+INDEX('C217'!$I:$I,3+17*21)+INDEX('C217'!$I:$I,3+18*21)+INDEX('C217'!$I:$I,3+19*21)+INDEX('C217'!$I:$I,3+20*21)+INDEX('C217'!$I:$I,3+21*21)} -> 12761
A52: Noise Rate | B52: 0.0291 | C52: 0.037 | D52: 0.0365 | E52: 0.0496 | F52: 0.0732 | G52: 0.0674 | H52: 0.0783 | I52: 0.051 | J52: 0.0183 | K52: 0.0417 | L52: 0.0261 | M52: 0.0184 | N52: 0.0291 | O52: 0.0383 | U52: 0.0385 | V52: 5.02% | W52: ='C217'!$B342 -> 6.43% | X52: 3.35% | Y52: 3.51% | Z52: ='C217'!$B405 -> 6.23% | AA52: ='C217'!$B426 -> 6.30% | AB52: {=INDEX('C217'!$I:$I,6+(COLUMN()-28)*21)} -> 7.51% | AC52: {=INDEX('C217'!$I:$I,6+(COLUMN()-28)*21)} -> 7.09% | AD52: {=INDEX('C217'!$I:$I,6+(COLUMN()-28)*21)} -> 10.14% | AE52: {=INDEX('C217'!$I:$I,6+(COLUMN()-28)*21)} -> 0 | AF52: {=INDEX('C217'!$I:$I,6+(COLUMN()-28)*21)} -> 6.80% | AG52: {=INDEX('C217'!$I:$I,6+(COLUMN()-28)*21)} -> 6.96% | AH52: {=INDEX('C217'!$I:$I,6+(COLUMN()-28)*21)} -> 5.95% | AI52: {=INDEX('C217'!$I:$I,6+(COLUMN()-28)*21)} -> 5.48% | ... BA52: {=INDEX('C217'!$I:$I,6+(COLUMN()-28)*21)} -> 2.93% | BB52: {=_xlfn.NUMBERVALUE(INDEX('C217'!$P:$P,6+(COLUMN()-54)*21))} -> 0 | BC52: {=_xlfn.NUMBERVALUE(INDEX('C217'!$P:$P,6+(COLUMN()-54)*21))} -> 0.032092426 | BD52: {=_xlfn.NUMBERVALUE(INDEX('C217'!$P:$P,6+(COLUMN()-54)*21))} -> 0.0205 | BE52: {=_xlfn.NUMBERVALUE(INDEX('C217'!$P:$P,6+(COLUMN()-54)*21))} -> 0.0305 | BF52: {=_xlfn.NUMBERVALUE(INDEX('C217'!$P:$P,6+(COLUMN()-54)*21))} -> 0.0218 | BG52: {=_xlfn.NUMBERVALUE(INDEX('C217'!$P:$P,6+(COLUMN()-54)*21))} -> 0.0233 | BH52: {=_xlfn.NUMBERVALUE(INDEX('C217'!$P:$P,6+(COLUMN()-54)*21))} -> 0 | BI52: {=_xlfn.NUMBERVALUE(INDEX('C217'!$P:$P,6+(COLUMN()-54)*21))} -> 0.0167 | ... CA52: {=_xlfn.NUMBERVALUE(INDEX('C217'!$P:$P,6+(COLUMN()-54)*21))} -> 0 | DO52: Noise Fail | DP52: {=INDEX('C217'!$I:$I,9+4*21)+INDEX('C217'!$I:$I,9+5*21)+INDEX('C217'!$I:$I,9+6*21)+INDEX('C217'!$I:$I,9+7*21)+INDEX('C217'!$I:$I,9+8*21)+INDEX('C217'!$I:$I,9+9*21)} -> 1102 | DQ52: {=INDEX('C217'!$I:$I,9+10*21)+INDEX('C217'!$I:$I,9+11*21)+INDEX('C217'!$I:$I,9+12*21)+INDEX('C217'!$I:$I,9+13*21)+INDEX('C217'!$I:$I,9+14*21)+INDEX('C217'!$I:$I,9+15*21)} -> 1601 | DR52: {=INDEX('C217'!$I:$I,9+16*21)+INDEX('C217'!$I:$I,9+17*21)+INDEX('C217'!$I:$I,9+18*21)+INDEX('C217'!$I:$I,9+19*21)+INDEX('C217'!$I:$I,9+20*21)+INDEX('C217'!$I:$I,9+21*21)} -> 403
A53: RPM Fail Rate | B53: 0.0031 | C53: 0.0032 | D53: 0.0011 | E53: 0.0004 | F53: 0.0005 | G53: 0.0021 | H53: 0.0197 | I53: 0.0097 | J53: 0.0008 | K53: 0.004 | L53: 0.0029 | M53: 0.0024 | N53: 0.0005 | O53: 0 | U53: 0.005 | V53: 0.27% | W53: ='C217'!$B343 -> 0.95% | X53: 0.86% | Y53: 0.20% | Z53: ='C217'!$B406 -> 0.77% | AA53: ='C217'!$B427 -> 0.42% | AB53: {=INDEX('C217'!$I:$I,7+(COLUMN()-28)*21)} -> 0.48% | AC53: {=INDEX('C217'!$I:$I,7+(COLUMN()-28)*21)} -> 0.42% | AD53: {=INDEX('C217'!$I:$I,7+(COLUMN()-28)*21)} -> 0.35% | AE53: {=INDEX('C217'!$I:$I,7+(COLUMN()-28)*21)} -> 0.00% | AF53: {=INDEX('C217'!$I:$I,7+(COLUMN()-28)*21)} -> 0.44% | AG53: {=INDEX('C217'!$I:$I,7+(COLUMN()-28)*21)} -> 0.41% | AH53: {=INDEX('C217'!$I:$I,7+(COLUMN()-28)*21)} -> 0.67% | AI53: {=INDEX('C217'!$I:$I,7+(COLUMN()-28)*21)} -> 0.25% | ... BA53: {=INDEX('C217'!$I:$I,7+(COLUMN()-28)*21)} -> 0.09% | BB53: {=_xlfn.NUMBERVALUE(INDEX('C217'!$P:$P,7+(COLUMN()-54)*21))} -> 0 | BC53: {=_xlfn.NUMBERVALUE(INDEX('C217'!$P:$P,7+(COLUMN()-54)*21))} -> 0.00085579803 | BD53: {=_xlfn.NUMBERVALUE(INDEX('C217'!$P:$P,7+(COLUMN()-54)*21))} -> 0.0004 | BE53: {=_xlfn.NUMBERVALUE(INDEX('C217'!$P:$P,7+(COLUMN()-54)*21))} -> 0.0006 | BF53: {=_xlfn.NUMBERVALUE(INDEX('C217'!$P:$P,7+(COLUMN()-54)*21))} -> 0.0006 | BG53: {=_xlfn.NUMBERVALUE(INDEX('C217'!$P:$P,7+(COLUMN()-54)*21))} -> 0.002 | BH53: {=_xlfn.NUMBERVALUE(INDEX('C217'!$P:$P,7+(COLUMN()-54)*21))} -> 0 | BI53: {=_xlfn.NUMBERVALUE(INDEX('C217'!$P:$P,7+(COLUMN()-54)*21))} -> 0.0049 | ... CA53: {=_xlfn.NUMBERVALUE(INDEX('C217'!$P:$P,7+(COLUMN()-54)*21))} -> 0 | DO53: RPM Fail | DP53: {=INDEX('C217'!$I:$I,15+4*21)+INDEX('C217'!$I:$I,15+5*21)+INDEX('C217'!$I:$I,15+6*21)+INDEX('C217'!$I:$I,15+7*21)+INDEX('C217'!$I:$I,15+8*21)+INDEX('C217'!$I:$I,15+9*21)} -> 72 | DQ53: {=INDEX('C217'!$I:$I,15+10*21)+INDEX('C217'!$I:$I,15+11*21)+INDEX('C217'!$I:$I,15+12*21)+INDEX('C217'!$I:$I,15+13*21)+INDEX('C217'!$I:$I,15+14*21)+INDEX('C217'!$I:$I,15+15*21)} -> 40 | DR53: {=INDEX('C217'!$I:$I,15+16*21)+INDEX('C217'!$I:$I,15+17*21)+INDEX('C217'!$I:$I,15+18*21)+INDEX('C217'!$I:$I,15+19*21)+INDEX('C217'!$I:$I,15+20*21)+INDEX('C217'!$I:$I,15+21*21)} -> 68
A54: Other Fail Rate | B54: 0.0021 | C54: 0 | D54: 0 | E54: 0.0001 | F54: 0 | G54: 0 | H54: 0.0006 | I54: 0 | J54: 0 | K54: 0 | L54: 0.0003 | M54: 0 | N54: 0 | O54: 0 | U54: 0 | V54: 0.00% | W54: ='C217'!$B344 -> 0.00% | X54: 0.03% | Y54: 0.00% | Z54: ='C217'!$B407 -> 0.00% | AA54: ='C217'!$B428 -> 0.02% | AB54: {=INDEX('C217'!$I:$I,8+(COLUMN()-28)*21)} -> 0.07% | AC54: {=INDEX('C217'!$I:$I,8+(COLUMN()-28)*21)} -> 0.00% | AD54: {=INDEX('C217'!$I:$I,8+(COLUMN()-28)*21)} -> 0.03% | AE54: {=INDEX('C217'!$I:$I,8+(COLUMN()-28)*21)} -> 0.00% | AF54: {=INDEX('C217'!$I:$I,8+(COLUMN()-28)*21)} -> 0.04% | AG54: {=INDEX('C217'!$I:$I,8+(COLUMN()-28)*21)} -> 0.00% | AH54: {=INDEX('C217'!$I:$I,8+(COLUMN()-28)*21)} -> 0.00% | AI54: {=INDEX('C217'!$I:$I,8+(COLUMN()-28)*21)} -> 0.00% | ... BA54: {=INDEX('C217'!$I:$I,8+(COLUMN()-28)*21)} -> 0.00% | BB54: {=_xlfn.NUMBERVALUE(INDEX('C217'!$P:$P,8+(COLUMN()-54)*21))} -> 0 | BC54: {=_xlfn.NUMBERVALUE(INDEX('C217'!$P:$P,8+(COLUMN()-54)*21))} -> 0 | BD54: {=_xlfn.NUMBERVALUE(INDEX('C217'!$P:$P,8+(COLUMN()-54)*21))} -> 0 | BE54: {=_xlfn.NUMBERVALUE(INDEX('C217'!$P:$P,8+(COLUMN()-54)*21))} -> 0 | BF54: {=_xlfn.NUMBERVALUE(INDEX('C217'!$P:$P,8+(COLUMN()-54)*21))} -> 0 | BG54: {=_xlfn.NUMBERVALUE(INDEX('C217'!$P:$P,8+(COLUMN()-54)*21))} -> 0 | BH54: {=_xlfn.NUMBERVALUE(INDEX('C217'!$P:$P,8+(COLUMN()-54)*21))} -> 0 | BI54: {=_xlfn.NUMBERVALUE(INDEX('C217'!$P:$P,8+(COLUMN()-54)*21))} -> 0.0004 | ... CA54: {=_xlfn.NUMBERVALUE(INDEX('C217'!$P:$P,8+(COLUMN()-54)*21))} -> 0 | DO54: Others Fail | DP54: {=INDEX('C217'!$I:$I,18+4*21)+INDEX('C217'!$I:$I,18+5*21)+INDEX('C217'!$I:$I,18+6*21)+INDEX('C217'!$I:$I,18+7*21)+INDEX('C217'!$I:$I,18+8*21)+INDEX('C217'!$I:$I,18+9*21)} -> 1 | DQ54: {=INDEX('C217'!$I:$I,18+10*21)+INDEX('C217'!$I:$I,18+11*21)+INDEX('C217'!$I:$I,18+12*21)+INDEX('C217'!$I:$I,18+13*21)+INDEX('C217'!$I:$I,18+14*21)+INDEX('C217'!$I:$I,18+15*21)} -> 2 | DR54: {=INDEX('C217'!$I:$I,18+16*21)+INDEX('C217'!$I:$I,18+17*21)+INDEX('C217'!$I:$I,18+18*21)+INDEX('C217'!$I:$I,18+19*21)+INDEX('C217'!$I:$I,18+20*21)+INDEX('C217'!$I:$I,18+21*21)} -> 10
A55: Failure Mode | H55: 6 | I55: 6 | K55: 6 | O55: 1 | U55: 6 | V55: 6 | W55: 6 | X55: 6 | Y55: 6 | Z55: 6 | DO55: Tag | DP55: 非常明顯之異音 | DQ55: 非常明顯之異音
A56: Shut down device | B56: =COUNTIFS('C217'!$C$3:$F$3,"=0") -> 2 | C56: =COUNTIFS('C217'!$C$24:$F$24,"=0") -> 1 | D56: =COUNTIFS('C217'!$C$45:$F$45,"=0") -> 1 | E56: =COUNTIFS('C217'!$C$66:$F$66,"=0") -> 1 | F56: =COUNTIFS('C217'!$C$87:$F$87,"=0") -> 1 | G56: =COUNTIFS('C217'!$C$108:$F$108,"=0") -> 1 | H56: =COUNTIFS('C217'!$C$129:$F$129,"=0") -> 1 | I56: =COUNTIFS('C217'!$C$150:$F$150,"=0") -> 1 | J56: =COUNTIFS('C217'!$C$171:$F$171,"=0") -> 1 | K56: =COUNTIFS('C217'!$C$192:$F$192,"=0") -> 1 | L56: =COUNTIFS('C217'!$C$213:$F$213,"=0") -> 1 | M56: =COUNTIFS('C217'!$C$234:$F$234,"=0") -> 1 | N56: =COUNTIFS('C217'!$C$255:$F$255,"=0") -> 1 | O56: =COUNTIFS('C217'!$C$276:$F$276,"=0") -> 1 | U56: =COUNTIFS('C217'!$C$297:$G$297,"=0") -> 1 | V56: =COUNTIFS('C217'!$C$318:$G$318,"=0") -> 1 | W56: =COUNTIFS('C217'!$C$339:$G$339,"=0") -> 1 | X56: =COUNTIFS('C217'!$C$360:$G$360,"=0") -> 1 | Y56: =COUNTIFS('C217'!$C$381:$G$381,"=0") -> 1 | Z56: =COUNTIFS('C217'!$C$402:$G$402,"=0") -> 1 | AA56: =COUNTIFS('C217'!$C$423:$G$423,"=0") -> 1
W57: 調整除214 215線之麥克風位置
DU61: 3月拋料類型 | DW61: Fail (次數) | DX61: 累積占比 | DY61: 占比
DU62: 音頻異音不良 | DW62: 65 | DX62: =DY62 -> 0.23131673 | DY62: =DW62/DW68 -> 0.23131673
DU63: 音訊部件異常 | DW63: 55 | DX63: =DX62+DY63 -> 0.42704626 | DY63: =DW63/DW68 -> 0.19572954
DU64: 參數調用錯誤 | DW64: 49 | DX64: =DX63+DY64 -> 0.60142349 | DY64: =DW64/DW68 -> 0.17437722
DU65: 治具異常 | DW65: 47 | DX65: =DX64+DY65 -> 0.76868327 | DY65: =DW65/DW68 -> 0.16725979
DU66: 測試參數定義錯誤 | DW66: 39 | DX66: =DX65+DY66 -> 0.90747331 | DY66: =DW66/DW68 -> 0.13879004
DU67: 機構異常 | DW67: 26 | DX67: =DX66+DY67 -> 1 | DY67: =DW67/DW68 -> 0.09252669
DU68: Total | DW68: =DW62+DW65+DW66+DW67+DW63+DW64 -> 281 | DX68: 1 | DY68: 1
DT71: =DP2+DP9+DP16+DP23+DP30+DP37+DP44+DP51 -> 175856 | DU71: W15拋料類型 | DW71: Fail (pcs) | DX71: 累積占比 | DY71: 占比
DU72: 音頻異音不良 | DW72: =DP3+DP10+DP24+DP31+DP52 -> 6708 | DX72: =DY72 -> 0.62744364 | DY72: =DW72/DW77 -> 0.62744364
DU73: 治具異常 | DW73: =DP46+DP32+DP11 -> 2323 | DX73: =DY72+DY73 -> 0.84472921 | DY73: =DW73/DW77 -> 0.21728557
DU74: 參數調用錯誤 | DW74: 1444 | DX74: =DX73+DY74 -> 0.97979609 | DY74: =DW74/DW77 -> 0.13506688
DU75: 機構異常 | DW75: 216 | DX75: =DX74+DY75 -> 1 | DY75: =DW75/DW77 -> 0.02020391
DU76: 音訊部件異常 | DW76: 0 | DX76: =DX75+DY76 -> 1 | DY76: =DW76/DW77 -> 0
DU77: Total | DW77: =DW72+DW73+DW74+DW75+DW76 -> 10691 | DX77: 1 | DY77: 1
DT79: =DQ2+DQ9+DQ16+DQ23+DQ30+DQ37+DQ44+DQ51 -> 209405 | DU79: W16拋料類型 | DW79: Fail (pcs) | DX79: 累積占比 | DY79: 占比
DU80: 音頻異音不良 | DW80: =DQ3+DQ10+DQ24+DQ31+DQ52 -> 9732 | DX80: =DY80 -> 0.73156431 | DY80: =DW80/DW85 -> 0.73156431
DU81: 治具異常 | DW81: =DQ46+DQ32+DQ11+DQ4 -> 3571 | DX81: =DY80+DY81 -> 1 | DY81: =DW81/DW85 -> 0.26843569
DU82: 參數調用錯誤 | DW82: 0 | DX82: =DX81+DY82 -> 1 | DY82: =DW82/DW85 -> 0
DU83: 機構異常 | DW83: 0 | DX83: =DX82+DY83 -> 1 | DY83: =DW83/DW85 -> 0
DU84: 音訊部件異常 | DW84: 0 | DX84: =DX83+DY84 -> 1 | DY84: =DW84/DW85 -> 0
DU85: Total | DW85: =DW80+DW81+DW82+DW83+DW84 -> 13303 | DX85: 1 | DY85: 1
DT87: =DR51+DR44+DR37+DR30+DR23+DR16+DR9+DR2 -> 198409 | DU87: W17拋料類型 | DW87: Fail (pcs) | DX87: 累積占比 | DY87: 占比
DU88: 音頻異音不良 | DW88: =DR3+DR10+DR17+DR24+DR31+DR45 -> 11316 | DX88: =DY88 -> 0.66994257 | DY88: =DW88/DW93 -> 0.66994257
DU89: 治具異常 | DW89: =DR11+DR18+DR25+DR32+DR46 -> 4388 | DX89: =DY88+DY89 -> 0.92972589 | DY89: =DW89/DW93 -> 0.25978332
DU90: 參數調用錯誤 | DW90: 0 | DX90: =DX89+DY90 -> 0.92972589 | DY90: =DW90/DW93 -> 0
DU91: 機構異常 | DW91: 0 | DX91: =DX90+DY91 -> 0.92972589 | DY91: =DW91/DW93 -> 0
DU92: 音訊部件異常 | DW92: 0 | DX92: =DX91+DY92 -> 0.92972589 | DY92: =DW92/DW93 -> 0
DU93: Total | DW93: =DR52+DR53+DR54+DR47+DR46+DR45+DR40+DR39+DR38+DR33+DR32+DR31+DR26+DR25+DR24+DR19+DR18+DR17+DR12+DR11+DR10+DR5+DR4+DR3 -> 16891 | DX93: 1 | DY93: 1
DT95: =DR59+DR52+DR45+DR38+DR31+DR24+DR17+DR10 -> 10501 | DU95: W17拋料類型 | DW95: Fail (pcs) | DX95: 累積占比 | DY95: 占比
DU96: 音頻異音不良 | DW96: =DR11+DR18+DR25+DR32+DR39+DR53 -> 3748 | DX96: =DY96 -> #VALUE! | DY96: =DW96/DW101 -> #VALUE!
DU97: 治具異常 | DW97: =DR19+DR26+DR33+DR40+DR54 -> 92 | DX97: =DY96+DY97 -> #VALUE! | DY97: =DW97/DW101 -> #VALUE!
DU98: 參數調用錯誤 | DW98: 0 | DX98: =DX97+DY98 -> #VALUE! | DY98: =DW98/DW101 -> #VALUE!
DU99: 機構異常 | DW99: 0 | DX99: =DX98+DY99 -> #VALUE! | DY99: =DW99/DW101 -> #VALUE!
DU100: 音訊部件異常 | DW100: 0 | DX100: =DX99+DY100 -> #VALUE! | DY100: =DW100/DW101 -> #VALUE!
DU101: Total | DW101: =DR60+DR61+DR62+DR55+DR54+DR53+DR48+DR47+DR46+DR41+DR40+DR39+DR34+DR33+DR32+DR27+DR26+DR25+DR20+DR19+DR18+DR13+DR12+DR11 -> #VALUE! | DX101: 1 | DY101: 1

Sheet C202
A1: 46083 | G1: 46113 | M1: 46143
A2: Metric | B2: Total | C2: Station 1 | D2: Station 2 | E2: Station 3 | G2: Metric | H2: Total | I2: Station 1 | J2: Station 2 | K2: Station 3 | M2: Metric | N2: Total | O2: Station 1 | P2: Station 2 | Q2: Station 3
A3: Total Count | B3: 1084 | C3: 1012 | D3: 72 | E3: 0 | G3: Total Count | H3: 2147 | I3: 1215 | J3: 0 | K3: 932 | M3: Total Count | N3: 3427 | O3: 1875 | P3: 0 | Q3: 1552
A4: Fail Count | B4: 8 | C4: 1 | D4: 7 | E4: 0 | G4: Fail Count | H4: 96 | I4: 53 | J4: 0 | K4: 43 | M4: Fail Count | N4: 303 | O4: 167 | P4: 0 | Q4: 136
A5: Fail Rate | B5: 0.74% | C5: 0.10% | D5: 9.72% | E5: 0 | G5: Fail Rate | H5: 4.47% | I5: 4.36% | J5: 0 | K5: 4.61% | M5: Fail Rate | N5: 8.84% | O5: 8.91% | P5: 0 | Q5: 8.76%
A6: Noise Rate | B6: 0.65% | C6: 0.00% | D6: 9.72% | E6: 0 | G6: Noise Rate | H6: 4.15% | I6: 4.20% | J6: 0 | K6: 4.08% | M6: Noise Rate | N6: 6.16% | O6: 6.19% | P6: 0 | Q6: 6.12%
A7: RPM Fail Rate | B7: 0.09% | C7: 0.10% | D7: 0.00% | E7: 0.00% | G7: RPM Fail Rate | H7: 0.28% | I7: 0.16% | J7: 0.00% | K7: 0.43% | M7: RPM Fail Rate | N7: 2.71% | O7: 2.72% | P7: 0.00% | Q7: 2.71%
A8: Other Fail Rate | B8: 0.09% | C8: 0.10% | D8: 0.00% | E8: 0.00% | G8: Other Fail Rate | H8: 0.05% | I8: 0.00% | J8: 0.00% | K8: 0.11% | M8: Other Fail Rate | N8: 0.00% | O8: 0.00% | P8: 0.00% | Q8: 0.00%
A9: Noise | B9: 7 | C9: 0 | D9: 7 | E9: 0 | G9: Noise | H9: 89 | I9: 51 | J9: 0 | K9: 38 | M9: Noise | N9: 211 | O9: 116 | P9: 0 | Q9: 95
A10: Only Index1 Fail | B10: 0 | C10: 0 | D10: 0 | E10: 0 | G10: Only Index1 Fail | H10: 35 | I10: 19 | J10: 0 | K10: 16 | M10: Only Index1 Fail | N10: 34 | O10: 10 | P10: 0 | Q10: 24
A11: Only Index2 Fail | B11: 1 | C11: 0 | D11: 1 | E11: 0 | G11: Only Index2 Fail | H11: 23 | I11: 13 | J11: 0 | K11: 10 | M11: Only Index2 Fail | N11: 61 | O11: 35 | P11: 0 | Q11: 26
A12: Only Index3 Fail | B12: 0 | C12: 0 | D12: 0 | E12: 0 | G12: Only Index3 Fail | H12: 2 | I12: 2 | J12: 0 | K12: 0 | M12: Only Index3 Fail | N12: 2 | O12: 2 | P12: 0 | Q12: 0
A13: Multiple Index Fail | B13: 6 | C13: 0 | D13: 6 | E13: 0 | G13: Multiple Index Fail | H13: 29 | I13: 17 | J13: 0 | K13: 12 | M13: Multiple Index Fail | N13: 114 | O13: 69 | P13: 0 | Q13: 45
A14: Spec Fail | B14: 0 | C14: 0 | D14: 0 | E14: 0 | G14: Spec Fail | H14: 0 | I14: 0 | J14: 0 | K14: 0 | M14: Spec Fail | N14: 0 | O14: 0 | P14: 0 | Q14: 0
A15: RPM NG | B15: 1 | C15: 1 | D15: 0 | E15: 0 | G15: RPM NG | H15: 6 | I15: 2 | J15: 0 | K15: 4 | M15: RPM NG | N15: 93 | O15: 51 | P15: 0 | Q15: 42
A16: Out of control | B16: 0 | C16: 0 | D16: 0 | E16: 0 | G16: Out of control | H16: 1 | I16: 0 | J16: 0 | K16: 1 | M16: Out of control | N16: 2 | O16: 0 | P16: 0 | Q16: 2
A17: No rotate | B17: 1 | C17: 1 | D17: 0 | E17: 0 | G17: No rotate | H17: 5 | I17: 2 | J17: 0 | K17: 3 | M17: No rotate | N17: 91 | O17: 51 | P17: 0 | Q17: 40
A18: Others | B18: 1 | C18: 1 | D18: 0 | E18: 0 | G18: Others | H18: 1 | I18: 0 | J18: 0 | K18: 1 | M18: Others | N18: 0 | O18: 0 | P18: 0 | Q18: 0
A19: PauseOrFreeRun | B19: 1 | C19: 1 | D19: 0 | E19: 0 | G19: PauseOrFreeRun | H19: 0 | I19: 0 | J19: 0 | K19: 0 | M19: PauseOrFreeRun | N19: 0 | O19: 0 | P19: 0 | Q19: 0
A20: No Barcode | B20: 1 | C20: 1 | D20: 0 | E20: 0 | G20: No Barcode | H20: 1 | I20: 0 | J20: 0 | K20: 1 | M20: No Barcode | N20: 0 | O20: 0 | P20: 0 | Q20: 0
A21: Model Name | B21: 36204G3811 | G21: Model Name | H21: 36204G3811 | M21: Model Name | N21: 36204G3711
A22: 46084 | G22: 46114 | M22: 46146
A23: Metric | B23: Total | C23: Station 1 | D23: Station 2 | E23: Station 3 | G23: Metric | H23: Total | I23: Station 1 | J23: Station 2 | K23: Station 3 | M23: Metric | N23: Total | O23: Station 1 | P23: Station 2 | Q23: Station 3
A24: Total Count | B24: 1559 | C24: 1559 | D24: 0 | E24: 0 | G24: Total Count | H24: 3659 | I24: 1939 | J24: 0 | K24: 1720 | M24: Total Count | N24: 1430 | O24: 848 | P24: 0 | Q24: 582
A25: Fail Count | B25: 9 | C25: 9 | D25: 0 | E25: 0 | G25: Fail Count | H25: 143 | I25: 82 | J25: 0 | K25: 61 | M25: Fail Count | N25: 263 | O25: 150 | P25: 0 | Q25: 113
A26: Fail Rate | B26: 0.58% | C26: 0.58% | D26: 0 | E26: 0 | G26: Fail Rate | H26: 3.91% | I26: 4.23% | J26: 0 | K26: 3.55% | M26: Fail Rate | N26: 18.39% | O26: 17.69% | P26: 0 | Q26: 19.42%
A27: Noise Rate | B27: 0.00% | C27: 0.00% | D27: 0 | E27: 0 | G27: Noise Rate | H27: 3.47% | I27: 3.56% | J27: 0 | K27: 3.37% | M27: Noise Rate | N27: 11.89% | O27: 11.44% | P27: 0 | Q27: 12.54%
A28: RPM Fail Rate | B28: 0.38% | C28: 0.38% | D28: 0.00% | E28: 0.00% | G28: RPM Fail Rate | H28: 0.41% | I28: 0.67% | J28: 0.00% | K28: 0.12% | M28: RPM Fail Rate | N28: 6.50% | O28: 6.25% | P28: 0.00% | Q28: 6.87%
A29: Other Fail Rate | B29: 0.00% | C29: 0.00% | D29: 0.00% | E29: 0.00% | G29: Other Fail Rate | H29: 0.03% | I29: 0.00% | J29: 0.00% | K29: 0.06% | M29: Other Fail Rate | N29: 0.07% | O29: 0.00% | P29: 0.00% | Q29: 0.17%
A30: Noise | B30: 0 | C30: 0 | D30: 0 | E30: 0 | G30: Noise | H30: 127 | I30: 69 | J30: 0 | K30: 58 | M30: Noise | N30: 170 | O30: 97 | P30: 0 | Q30: 73
A31: Only Index1 Fail | B31: 0 | C31: 0 | D31: 0 | E31: 0 | G31: Only Index1 Fail | H31: 29 | I31: 16 | J31: 0 | K31: 13 | M31: Only Index1 Fail | N31: 28 | O31: 10 | P31: 0 | Q31: 18
A32: Only Index2 Fail | B32: 0 | C32: 0 | D32: 0 | E32: 0 | G32: Only Index2 Fail | H32: 49 | I32: 23 | J32: 0 | K32: 26 | M32: Only Index2 Fail | N32: 36 | O32: 17 | P32: 0 | Q32: 19
A33: Only Index3 Fail | B33: 0 | C33: 0 | D33: 0 | E33: 0 | G33: Only Index3 Fail | H33: 7 | I33: 7 | J33: 0 | K33: 0 | M33: Only Index3 Fail | N33: 0 | O33: 0 | P33: 0 | Q33: 0
A34: Multiple Index Fail | B34: 0 | C34: 0 | D34: 0 | E34: 0 | G34: Multiple Index Fail | H34: 42 | I34: 23 | J34: 0 | K34: 19 | M34: Multiple Index Fail | N34: 106 | O34: 70 | P34: 0 | Q34: 36
A35: Spec Fail | B35: 0 | C35: 0 | D35: 0 | E35: 0 | G35: Spec Fail | H35: 0 | I35: 0 | J35: 0 | K35: 0 | M35: Spec Fail | N35: 0 | O35: 0 | P35: 0 | Q35: 0
A36: RPM NG | B36: 6 | C36: 6 | D36: 0 | E36: 0 | G36: RPM NG | H36: 15 | I36: 13 | J36: 0 | K36: 2 | M36: RPM NG | N36: 93 | O36: 53 | P36: 0 | Q36: 40
A37: Out of control | B37: 3 | C37: 3 | D37: 0 | E37: 0 | G37: Out of control | H37: 0 | I37: 0 | J37: 0 | K37: 0 | M37: Out of control | N37: 3 | O37: 2 | P37: 0 | Q37: 1
A38: No rotate | B38: 3 | C38: 3 | D38: 0 | E38: 0 | G38: No rotate | H38: 15 | I38: 13 | J38: 0 | K38: 2 | M38: No rotate | N38: 90 | O38: 51 | P38: 0 | Q38: 39
A39: Others | B39: 0 | C39: 0 | D39: 0 | E39: 0 | G39: Others | H39: 1 | I39: 0 | J39: 0 | K39: 1 | M39: Others | N39: 1 | O39: 0 | P39: 0 | Q39: 1
A40: PauseOrFreeRun | B40: 0 | C40: 0 | D40: 0 | E40: 0 | G40: PauseOrFreeRun | H40: 0 | I40: 0 | J40: 0 | K40: 0 | M40: PauseOrFreeRun | N40: 0 | O40: 0 | P40: 0 | Q40: 0
A41: No Barcode | B41: 0 | C41: 0 | D41: 0 | E41: 0 | G41: No Barcode | H41: 1 | I41: 0 | J41: 0 | K41: 1 | M41: No Barcode | N41: 1 | O41: 0 | P41: 0 | Q41: 1
A42: Model Name | B42: 36204G3811,36204G3711 | G42: Model Name | H42: 36204G3811,36204G3711 | M42: Model Name | N42: 36204G3711
A43: 46085 | G43: 46115 | M43: 46147
A44: Metric | B44: Total | C44: Station 1 | D44: Station 2 | E44: Station 3 | G44: Metric | H44: Total | I44: Station 1 | J44: Station 2 | K44: Station 3 | M44: Metric | N44: Total | O44: Station 1 | P44: Station 2 | Q44: Station 3
A45: Total Count | B45: 1802 | C45: 1802 | D45: 0 | E45: 0 | G45: Total Count | H45: 2754 | I45: 1464 | J45: 0 | K45: 1290 | M45: Total Count | N45: 2603 | O45: 1536 | P45: 0 | Q45: 1067
A46: Fail Count | B46: 8 | C46: 8 | D46: 0 | E46: 0 | G46: Fail Count | H46: 73 | I46: 40 | J46: 0 | K46: 33 | M46: Fail Count | N46: 212 | O46: 116 | P46: 0 | Q46: 96
A47: Fail Rate | B47: 0.44% | C47: 0.44% | D47: 0 | E47: 0 | G47: Fail Rate | H47: 2.65% | I47: 2.73% | J47: 0 | K47: 2.56% | M47: Fail Rate | N47: 8.14% | O47: 7.55% | P47: 0 | Q47: 9.00%
A48: Noise Rate | B48: 0.00% | C48: 0.00% | D48: 0 | E48: 0 | G48: Noise Rate | H48: 2.43% | I48: 2.39% | J48: 0 | K48: 2.48% | M48: Noise Rate | N48: 6.65% | O48: 6.25% | P48: 0 | Q48: 7.22%
A49: RPM Fail Rate | B49: 0.17% | C49: 0.17% | D49: 0.00% | E49: 0.00% | G49: RPM Fail Rate | H49: 0.22% | I49: 0.34% | J49: 0.00% | K49: 0.08% | M49: RPM Fail Rate | N49: 1.54% | O49: 1.37% | P49: 0.00% | Q49: 1.78%
A50: Other Fail Rate | B50: 0.00% | C50: 0.00% | D50: 0.00% | E50: 0.00% | G50: Other Fail Rate | H50: 0.04% | I50: 0.07% | J50: 0.00% | K50: 0.00% | M50: Other Fail Rate | N50: 0.04% | O50: 0.00% | P50: 0.00% | Q50: 0.09%
A51: Noise | B51: 0 | C51: 0 | D51: 0 | E51: 0 | G51: Noise | H51: 67 | I51: 35 | J51: 0 | K51: 32 | M51: Noise | N51: 173 | O51: 96 | P51: 0 | Q51: 77
A52: Only Index1 Fail | B52: 0 | C52: 0 | D52: 0 | E52: 0 | G52: Only Index1 Fail | H52: 16 | I52: 9 | J52: 0 | K52: 7 | M52: Only Index1 Fail | N52: 33 | O52: 11 | P52: 0 | Q52: 22
A53: Only Index2 Fail | B53: 0 | C53: 0 | D53: 0 | E53: 0 | G53: Only Index2 Fail | H53: 32 | I53: 16 | J53: 0 | K53: 16 | M53: Only Index2 Fail | N53: 42 | O53: 24 | P53: 0 | Q53: 18
A54: Only Index3 Fail | B54: 0 | C54: 0 | D54: 0 | E54: 0 | G54: Only Index3 Fail | H54: 0 | I54: 0 | J54: 0 | K54: 0 | M54: Only Index3 Fail | N54: 0 | O54: 0 | P54: 0 | Q54: 0
A55: Multiple Index Fail | B55: 0 | C55: 0 | D55: 0 | E55: 0 | G55: Multiple Index Fail | H55: 19 | I55: 10 | J55: 0 | K55: 9 | M55: Multiple Index Fail | N55: 98 | O55: 61 | P55: 0 | Q55: 37
A56: Spec Fail | B56: 0 | C56: 0 | D56: 0 | E56: 0 | G56: Spec Fail | H56: 0 | I56: 0 | J56: 0 | K56: 0 | M56: Spec Fail | N56: 0 | O56: 0 | P56: 0 | Q56: 0
A57: RPM NG | B57: 3 | C57: 3 | D57: 0 | E57: 0 | G57: RPM NG | H57: 6 | I57: 5 | J57: 0 | K57: 1 | M57: RPM NG | N57: 40 | O57: 21 | P57: 0 | Q57: 19
A58: Out of control | B58: 0 | C58: 0 | D58: 0 | E58: 0 | G58: Out of control | H58: 1 | I58: 1 | J58: 0 | K58: 0 | M58: Out of control | N58: 2 | O58: 1 | P58: 0 | Q58: 1
A59: No rotate | B59: 3 | C59: 3 | D59: 0 | E59: 0 | G59: No rotate | H59: 5 | I59: 4 | J59: 0 | K59: 1 | M59: No rotate | N59: 38 | O59: 20 | P59: 0 | Q59: 18
A60: Others | B60: 0 | C60: 0 | D60: 0 | E60: 0 | G60: Others | H60: 1 | I60: 1 | J60: 0 | K60: 0 | M60: Others | N60: 1 | O60: 0 | P60: 0 | Q60: 1
A61: PauseOrFreeRun | B61: 0 | C61: 0 | D61: 0 | E61: 0 | G61: PauseOrFreeRun | H61: 0 | I61: 0 | J61: 0 | K61: 0 | M61: PauseOrFreeRun | N61: 0 | O61: 0 | P61: 0 | Q61: 0
A62: No Barcode | B62: 0 | C62: 0 | D62: 0 | E62: 0 | G62: No Barcode | H62: 1 | I62: 1 | J62: 0 | K62: 0 | M62: No Barcode | N62: 1 | O62: 0 | P62: 0 | Q62: 1
A63: Model Name | B63: 36204G3711 | G63: Model Name | H63: 36204G3711 | M63: Model Name | N63: 36204G3711
A64: 46086 | G64: 46116 | M64: 46148
A65: Metric | B65: Total | C65: Station 1 | D65: Station 2 | E65: Station 3 | G65: Metric | H65: Total | I65: Station 1 | J65: Station 2 | K65: Station 3 | M65: Metric | N65: Total | O65: Station 1 | P65: Station 2 | Q65: Station 3
A66: Total Count | B66: 1880 | C66: 1880 | D66: 0 | E66: 0 | G66: Total Count | H66: 2734 | I66: 1405 | J66: 0 | K66: 1329 | M66: Total Count | N66: 2572 | O66: 1479 | P66: 0 | Q66: 1093
A67: Fail Count | B67: 5 | C67: 5 | D67: 0 | E67: 0 | G67: Fail Count | H67: 170 | I67: 86 | J67: 0 | K67: 84 | M67: Fail Count | N67: 322 | O67: 188 | P67: 0 | Q67: 134
A68: Fail Rate | B68: 0.27% | C68: 0.27% | D68: 0 | E68: 0 | G68: Fail Rate | H68: 6.22% | I68: 6.12% | J68: 0 | K68: 6.32% | M68: Fail Rate | N68: 12.52% | O68: 12.71% | P68: 0 | Q68: 12.26%
A69: Noise Rate | B69: 0.00% | C69: 0.00% | D69: 0 | E69: 0 | G69: Noise Rate | H69: 5.85% | I69: 5.77% | J69: 0 | K69: 5.94% | M69: Noise Rate | N69: 11.35% | O69: 11.36% | P69: 0 | Q69: 11.34%
A70: RPM Fail Rate | B70: 0.27% | C70: 0.27% | D70: 0.00% | E70: 0.00% | G70: RPM Fail Rate | H70: 0.37% | I70: 0.36% | J70: 0.00% | K70: 0.38% | M70: RPM Fail Rate | N70: 1.24% | O70: 1.42% | P70: 0.00% | Q70: 1.01%
A71: Other Fail Rate | B71: 0.00% | C71: 0.00% | D71: 0.00% | E71: 0.00% | G71: Other Fail Rate | H71: 0.00% | I71: 0.00% | J71: 0.00% | K71: 0.00% | M71: Other Fail Rate | N71: 0.04% | O71: 0.07% | P71: 0.00% | Q71: 0.00%
A72: Noise | B72: 0 | C72: 0 | D72: 0 | E72: 0 | G72: Noise | H72: 160 | I72: 81 | J72: 0 | K72: 79 | M72: Noise | N72: 292 | O72: 168 | P72: 0 | Q72: 124
A73: Only Index1 Fail | B73: 0 | C73: 0 | D73: 0 | E73: 0 | G73: Only Index1 Fail | H73: 40 | I73: 21 | J73: 0 | K73: 19 | M73: Only Index1 Fail | N73: 39 | O73: 21 | P73: 0 | Q73: 18
A74: Only Index2 Fail | B74: 0 | C74: 0 | D74: 0 | E74: 0 | G74: Only Index2 Fail | H74: 33 | I74: 19 | J74: 0 | K74: 14 | M74: Only Index2 Fail | N74: 61 | O74: 33 | P74: 0 | Q74: 28
A75: Only Index3 Fail | B75: 0 | C75: 0 | D75: 0 | E75: 0 | G75: Only Index3 Fail | H75: 4 | I75: 4 | J75: 0 | K75: 0 | M75: Only Index3 Fail | N75: 1 | O75: 1 | P75: 0 | Q75: 0
A76: Multiple Index Fail | B76: 0 | C76: 0 | D76: 0 | E76: 0 | G76: Multiple Index Fail | H76: 83 | I76: 37 | J76: 0 | K76: 46 | M76: Multiple Index Fail | N76: 191 | O76: 113 | P76: 0 | Q76: 78
A77: Spec Fail | B77: 0 | C77: 0 | D77: 0 | E77: 0 | G77: Spec Fail | H77: 0 | I77: 0 | J77: 0 | K77: 0 | M77: Spec Fail | N77: 0 | O77: 0 | P77: 0 | Q77: 0
A78: RPM NG | B78: 5 | C78: 5 | D78: 0 | E78: 0 | G78: RPM NG | H78: 10 | I78: 5 | J78: 0 | K78: 5 | M78: RPM NG | N78: 32 | O78: 21 | P78: 0 | Q78: 11
A79: Out of control | B79: 1 | C79: 1 | D79: 0 | E79: 0 | G79: Out of control | H79: 0 | I79: 0 | J79: 0 | K79: 0 | M79: Out of control | N79: 6 | O79: 4 | P79: 0 | Q79: 2
A80: No rotate | B80: 4 | C80: 4 | D80: 0 | E80: 0 | G80: No rotate | H80: 10 | I80: 5 | J80: 0 | K80: 5 | M80: No rotate | N80: 26 | O80: 17 | P80: 0 | Q80: 9
A81: Others | B81: 0 | C81: 0 | D81: 0 | E81: 0 | G81: Others | H81: 0 | I81: 0 | J81: 0 | K81: 0 | M81: Others | N81: 1 | O81: 1 | P81: 0 | Q81: 0
A82: PauseOrFreeRun | B82: 0 | C82: 0 | D82: 0 | E82: 0 | G82: PauseOrFreeRun | H82: 0 | I82: 0 | J82: 0 | K82: 0 | M82: PauseOrFreeRun | N82: 0 | O82: 0 | P82: 0 | Q82: 0
A83: No Barcode | B83: 0 | C83: 0 | D83: 0 | E83: 0 | G83: No Barcode | H83: 0 | I83: 0 | J83: 0 | K83: 0 | M83: No Barcode | N83: 1 | O83: 1 | P83: 0 | Q83: 0
A84: Model Name | B84: 36204G3711 | G84: Model Name | H84: 36204G3711 | M84: Model Name | N84: 36204G3711
A85: 46087 | G85: 46118 | M85: 46149
A86: Metric | B86: Total | C86: Station 1 | D86: Station 2 | E86: Station 3 | G86: Metric | H86: Total | I86: Station 1 | J86: Station 2 | K86: Station 3 | M86: Metric | N86: Total | O86: Station 1 | P86: Station 2 | Q86: Station 3
A87: Total Count | B87: 1637 | C87: 1637 | D87: 0 | E87: 0 | G87: Total Count | H87: 1854 | I87: 861 | J87: 0 | K87: 993 | M87: Total Count | N87: 3378 | O87: 1788 | P87: 0 | Q87: 1590
A88: Fail Count | B88: 12 | C88: 12 | D88: 0 | E88: 0 | G88: Fail Count | H88: 158 | I88: 77 | J88: 0 | K88: 81 | M88: Fail Count | N88: 113 | O88: 60 | P88: 0 | Q88: 53
A89: Fail Rate | B89: 0.73% | C89: 0.73% | D89: 0 | E89: 0 | G89: Fail Rate | H89: 8.52% | I89: 8.94% | J89: 0 | K89: 8.16% | M89: Fail Rate | N89: 3.35% | O89: 3.36% | P89: 0 | Q89: 3.33%
A90: Noise Rate | B90: 0.00% | C90: 0.00% | D90: 0 | E90: 0 | G90: Noise Rate | H90: 7.44% | I90: 8.25% | J90: 0 | K90: 6.75% | M90: Noise Rate | N90: 3.11% | O90: 3.02% | P90: 0 | Q90: 3.21%
A91: RPM Fail Rate | B91: 0.49% | C91: 0.49% | D91: 0.00% | E91: 0.00% | G91: RPM Fail Rate | H91: 1.08% | I91: 0.70% | J91: 0.00% | K91: 1.41% | M91: RPM Fail Rate | N91: 0.30% | O91: 0.45% | P91: 0.00% | Q91: 0.13%
A92: Other Fail Rate | B92: 0.00% | C92: 0.00% | D92: 0.00% | E92: 0.00% | G92: Other Fail Rate | H92: 0.00% | I92: 0.00% | J92: 0.00% | K92: 0.00% | M92: Other Fail Rate | N92: 0.00% | O92: 0.00% | P92: 0.00% | Q92: 0.00%
A93: Noise | B93: 0 | C93: 0 | D93: 0 | E93: 0 | G93: Noise | H93: 138 | I93: 71 | J93: 0 | K93: 67 | M93: Noise | N93: 105 | O93: 54 | P93: 0 | Q93: 51
A94: Only Index1 Fail | B94: 0 | C94: 0 | D94: 0 | E94: 0 | G94: Only Index1 Fail | H94: 24 | I94: 8 | J94: 0 | K94: 16 | M94: Only Index1 Fail | N94: 8 | O94: 3 | P94: 0 | Q94: 5
A95: Only Index2 Fail | B95: 0 | C95: 0 | D95: 0 | E95: 0 | G95: Only Index2 Fail | H95: 26 | I95: 15 | J95: 0 | K95: 11 | M95: Only Index2 Fail | N95: 36 | O95: 21 | P95: 0 | Q95: 15
A96: Only Index3 Fail | B96: 0 | C96: 0 | D96: 0 | E96: 0 | G96: Only Index3 Fail | H96: 2 | I96: 2 | J96: 0 | K96: 0 | M96: Only Index3 Fail | N96: 4 | O96: 4 | P96: 0 | Q96: 0
A97: Multiple Index Fail | B97: 0 | C97: 0 | D97: 0 | E97: 0 | G97: Multiple Index Fail | H97: 86 | I97: 46 | J97: 0 | K97: 40 | M97: Multiple Index Fail | N97: 57 | O97: 26 | P97: 0 | Q97: 31
A98: Spec Fail | B98: 0 | C98: 0 | D98: 0 | E98: 0 | G98: Spec Fail | H98: 0 | I98: 0 | J98: 0 | K98: 0 | M98: Spec Fail | N98: 0 | O98: 0 | P98: 0 | Q98: 0
A99: RPM NG | B99: 8 | C99: 8 | D99: 0 | E99: 0 | G99: RPM NG | H99: 20 | I99: 6 | J99: 0 | K99: 14 | M99: RPM NG | N99: 10 | O99: 8 | P99: 0 | Q99: 2
A100: Out of control | B100: 1 | C100: 1 | D100: 0 | E100: 0 | G100: Out of control | H100: 0 | I100: 0 | J100: 0 | K100: 0 | M100: Out of control | N100: 2 | O100: 2 | P100: 0 | Q100: 0
...

Sheet C203
A1: 46088 | G1: 46113 | M1: 46143
A2: Metric | B2: Total | C2: Station 1 | D2: Station 2 | E2: Station 3 | G2: Metric | H2: Total | I2: Station 1 | J2: Station 2 | K2: Station 3 | M2: Metric | N2: Total | O2: Station 1 | P2: Station 2 | Q2: Station 3
A3: Total Count | B3: 988 | C3: 451 | D3: 333 | E3: 204 | G3: Total Count | H3: 723 | I3: 0 | J3: 358 | K3: 365 | M3: Total Count | N3: 3982 | O3: 1522 | P3: 1331 | Q3: 1129
A4: Fail Count | B4: 65 | C4: 17 | D4: 28 | E4: 20 | G4: Fail Count | H4: 106 | I4: 0 | J4: 73 | K4: 33 | M4: Fail Count | N4: 375 | O4: 162 | P4: 106 | Q4: 107
A5: Fail Rate | B5: 6.58% | C5: 3.77% | D5: 8.41% | E5: 9.80% | G5: Fail Rate | H5: 14.66% | I5: 0 | J5: 20.39% | K5: 9.04% | M5: Fail Rate | N5: 9.42% | O5: 10.64% | P5: 7.96% | Q5: 9.48%
A6: Noise Rate | B6: 4.66% | C6: 0.67% | D6: 7.81% | E6: 8.33% | G6: Noise Rate | H6: 8.85% | I6: 0 | J6: 13.41% | K6: 4.38% | M6: Noise Rate | N6: 6.78% | O6: 7.95% | P6: 4.81% | Q6: 7.53%
A7: RPM Fail Rate | B7: =B5-B6 -> 0.0192 | C7: =C5-C6 -> 0.031 | D7: 1.80% | E7: 1.47% | G7: RPM Fail Rate | H7: 5.81% | I7: 0.00% | J7: 6.98% | K7: 4.66% | M7: RPM Fail Rate | N7: 2.64% | O7: 2.69% | P7: 3.16% | Q7: 1.95%
A8: Other Fail Rate | B8: 0.00% | C8: 0.00% | D8: 0.00% | E8: 0.00% | G8: Other Fail Rate | H8: 0.00% | I8: 0.00% | J8: 0.00% | K8: 0.00% | M8: Other Fail Rate | N8: 0.13% | O8: 0.07% | P8: 0.23% | Q8: 0.09%
A9: Noise | B9: 46 | C9: 3 | D9: 26 | E9: 17 | G9: Noise | H9: 64 | I9: 0 | J9: 48 | K9: 16 | M9: Noise | N9: 270 | O9: 121 | P9: 64 | Q9: 85
A10: Only Index1 Fail | B10: 16 | C10: 0 | D10: 13 | E10: 3 | G10: Only Index1 Fail | H10: 40 | I10: 0 | J10: 33 | K10: 7 | M10: Only Index1 Fail | N10: 152 | O10: 60 | P10: 40 | Q10: 52
A11: Only Index2 Fail | B11: 1 | C11: 0 | D11: 0 | E11: 1 | G11: Only Index2 Fail | H11: 0 | I11: 0 | J11: 0 | K11: 0 | M11: Only Index2 Fail | N11: 8 | O11: 2 | P11: 1 | Q11: 5
A12: Only Index3 Fail | B12: 9 | C12: 2 | D12: 0 | E12: 7 | G12: Only Index3 Fail | H12: 3 | I12: 0 | J12: 0 | K12: 3 | M12: Only Index3 Fail | N12: 34 | O12: 34 | P12: 0 | Q12: 0
A13: Multiple Index Fail | B13: 20 | C13: 1 | D13: 13 | E13: 6 | G13: Multiple Index Fail | H13: 21 | I13: 0 | J13: 15 | K13: 6 | M13: Multiple Index Fail | N13: 76 | O13: 25 | P13: 23 | Q13: 28
A14: Spec Fail | B14: 0 | C14: 0 | D14: 0 | E14: 0 | G14: Spec Fail | H14: 0 | I14: 0 | J14: 0 | K14: 0 | M14: Spec Fail | N14: 0 | O14: 0 | P14: 0 | Q14: 0
A15: RPM NG | B15: 20 | C15: 11 | D15: 6 | E15: 3 | G15: RPM NG | H15: 42 | I15: 0 | J15: 25 | K15: 17 | M15: RPM NG | N15: 105 | O15: 41 | P15: 42 | Q15: 22
A16: Out of control | B16: 0 | C16: 0 | D16: 0 | E16: 0 | G16: Out of control | H16: 0 | I16: 0 | J16: 0 | K16: 0 | M16: Out of control | N16: 0 | O16: 0 | P16: 0 | Q16: 0
A17: No rotate | B17: 20 | C17: 11 | D17: 6 | E17: 3 | G17: No rotate | H17: 42 | I17: 0 | J17: 25 | K17: 17 | M17: No rotate | N17: 105 | O17: 41 | P17: 42 | Q17: 22
A18: Others | B18: 0 | C18: 0 | D18: 0 | E18: 0 | G18: Others | H18: 0 | I18: 0 | J18: 0 | K18: 0 | M18: Others | N18: 5 | O18: 1 | P18: 3 | Q18: 1
A19: PauseOrFreeRun | B19: 0 | C19: 0 | D19: 0 | E19: 0 | G19: PauseOrFreeRun | H19: 0 | I19: 0 | J19: 0 | K19: 0 | M19: PauseOrFreeRun | N19: 2 | O19: 1 | P19: 0 | Q19: 1
A20: No Barcode | B20: 0 | C20: 0 | D20: 0 | E20: 0 | G20: No Barcode | H20: 0 | I20: 0 | J20: 0 | K20: 0 | M20: No Barcode | N20: 5 | O20: 1 | P20: 3 | Q20: 1
A21: Model Name | B21: 36204G1711 | G21: Model Name | H21: 36204G1711 | M21: Model Name | N21: 36204G1711
A22: 46090 | G22: 46114 | M22: 46146
A23: Metric | B23: Total | C23: Station 1 | D23: Station 2 | E23: Station 3 | G23: Metric | H23: Total | I23: Station 1 | J23: Station 2 | K23: Station 3 | M23: Metric | N23: Total | O23: Station 1 | P23: Station 2 | Q23: Station 3
A24: Total Count | B24: 997 | C24: 429 | D24: 301 | E24: 267 | G24: Total Count | H24: 1270 | I24: 0 | J24: 692 | K24: 578 | M24: Total Count | N24: 678 | O24: 2 | P24: 673 | Q24: 3
A25: Fail Count | B25: 80 | C25: 21 | D25: 22 | E25: 37 | G25: Fail Count | H25: 206 | I25: 0 | J25: 149 | K25: 57 | M25: Fail Count | N25: 76 | O25: 2 | P25: 71 | Q25: 3
A26: Fail Rate | B26: 8.02% | C26: 4.90% | D26: 7.31% | E26: 13.86% | G26: Fail Rate | H26: 16.22% | I26: 0 | J26: 21.53% | K26: 9.86% | M26: Fail Rate | N26: 11.21% | O26: 100.00% | P26: 10.55% | Q26: 100.00%
A27: Noise Rate | B27: 2.71% | C27: 0.00% | D27: 4.32% | E27: 5.24% | G27: Noise Rate | H27: 7.01% | I27: 0 | J27: 12.86% | K27: 0.00% | M27: Noise Rate | N27: 6.05% | O27: 0.00% | P27: 6.09% | Q27: 0.00%
A28: RPM Fail Rate | B28: =B26-B27 -> 0.0531 | C28: =C26 -> 4.90% | D28: 7.31% | E28: 8.61% | G28: RPM Fail Rate | H28: 9.13% | I28: 0.00% | J28: 8.67% | K28: 9.69% | M28: RPM Fail Rate | N28: 5.16% | O28: 100.00% | P28: 4.46% | Q28: 100.00%
A29: Other Fail Rate | B29: 0.00% | C29: 0.00% | D29: 0.00% | E29: 0.00% | G29: Other Fail Rate | H29: 0.00% | I29: 0.00% | J29: 0.00% | K29: 0.00% | M29: Other Fail Rate | N29: 2.80% | O29: 100.00% | P29: 2.08% | Q29: 100.00%
A30: Noise | B30: 27 | C30: 0 | D30: 13 | E30: 14 | G30: Noise | H30: 89 | I30: 0 | J30: 89 | K30: 0 | M30: Noise | N30: 41 | O30: 0 | P30: 41 | Q30: 0
A31: Only Index1 Fail | B31: 9 | C31: 0 | D31: 7 | E31: 2 | G31: Only Index1 Fail | H31: 56 | I31: 0 | J31: 56 | K31: 0 | M31: Only Index1 Fail | N31: 34 | O31: 0 | P31: 34 | Q31: 0
A32: Only Index2 Fail | B32: 0 | C32: 0 | D32: 0 | E32: 0 | G32: Only Index2 Fail | H32: 3 | I32: 0 | J32: 3 | K32: 0 | M32: Only Index2 Fail | N32: 0 | O32: 0 | P32: 0 | Q32: 0
A33: Only Index3 Fail | B33: 3 | C33: 0 | D33: 0 | E33: 3 | G33: Only Index3 Fail | H33: 0 | I33: 0 | J33: 0 | K33: 0 | M33: Only Index3 Fail | N33: 0 | O33: 0 | P33: 0 | Q33: 0
A34: Multiple Index Fail | B34: 15 | C34: 0 | D34: 6 | E34: 9 | G34: Multiple Index Fail | H34: 30 | I34: 0 | J34: 30 | K34: 0 | M34: Multiple Index Fail | N34: 7 | O34: 0 | P34: 7 | Q34: 0
A35: Spec Fail | B35: 0 | C35: 0 | D35: 0 | E35: 0 | G35: Spec Fail | H35: 0 | I35: 0 | J35: 0 | K35: 0 | M35: Spec Fail | N35: 0 | O35: 0 | P35: 0 | Q35: 0
A36: RPM NG | B36: 89 | C36: 44 | D36: 22 | E36: 23 | G36: RPM NG | H36: 116 | I36: 0 | J36: 60 | K36: 56 | M36: RPM NG | N36: 35 | O36: 2 | P36: 30 | Q36: 3
A37: Out of control | B37: 0 | C37: 0 | D37: 0 | E37: 0 | G37: Out of control | H37: 0 | I37: 0 | J37: 0 | K37: 0 | M37: Out of control | N37: 1 | O37: 0 | P37: 1 | Q37: 0
A38: No rotate | B38: 89 | C38: 44 | D38: 22 | E38: 23 | G38: No rotate | H38: 116 | I38: 0 | J38: 60 | K38: 56 | M38: No rotate | N38: 34 | O38: 2 | P38: 29 | Q38: 3
A39: Others | B39: 0 | C39: 0 | D39: 0 | E39: 0 | G39: Others | H39: 0 | I39: 0 | J39: 0 | K39: 0 | M39: Others | N39: 19 | O39: 2 | P39: 14 | Q39: 3
A40: PauseOrFreeRun | B40: 0 | C40: 0 | D40: 0 | E40: 0 | G40: PauseOrFreeRun | H40: 0 | I40: 0 | J40: 0 | K40: 0 | M40: PauseOrFreeRun | N40: 7 | O40: 2 | P40: 2 | Q40: 3
A41: No Barcode | B41: 0 | C41: 0 | D41: 0 | E41: 0 | G41: No Barcode | H41: 0 | I41: 0 | J41: 0 | K41: 0 | M41: No Barcode | N41: 19 | O41: 2 | P41: 14 | Q41: 3
A42: Model Name | B42: 36204G1711 | G42: Model Name | H42: 36204G1711 | M42: Model Name | N42: 36204G1711
A43: 46091 | G43: 46115 | M43: 46147
A44: Metric | B44: Total | C44: Station 1 | D44: Station 2 | E44: Station 3 | G44: Metric | H44: Total | I44: Station 1 | J44: Station 2 | K44: Station 3 | M44: Metric | N44: Total | O44: Station 1 | P44: Station 2 | Q44: Station 3
A45: Total Count | B45: 1049 | C45: 470 | D45: 310 | E45: 269 | G45: Total Count | H45: 1149 | I45: 0 | J45: 625 | K45: 524 | M45: Total Count | N45: 2125 | O45: 875 | P45: 738 | Q45: 512
A46: Fail Count | B46: 90 | C46: 27 | D46: 28 | E46: 35 | G46: Fail Count | H46: 149 | I46: 0 | J46: 105 | K46: 44 | M46: Fail Count | N46: 257 | O46: 118 | P46: 67 | Q46: 72
A47: Fail Rate | B47: 8.58% | C47: 5.74% | D47: 9.03% | E47: 13.01% | G47: Fail Rate | H47: 12.97% | I47: 0 | J47: 16.80% | K47: 8.40% | M47: Fail Rate | N47: 12.09% | O47: 13.49% | P47: 9.08% | Q47: 14.06%
A48: Noise Rate | B48: 3.53% | C48: 0.00% | D48: 5.16% | E48: 7.81% | G48: Noise Rate | H48: 5.83% | I48: 0 | J48: 10.72% | K48: 0.00% | M48: Noise Rate | N48: 9.79% | O48: 10.51% | P48: 7.32% | Q48: 12.11%
A49: RPM Fail Rate | B49: =B47-B48 -> 0.0505 | C49: =C47-C48 -> 0.0574 | D49: 6.45% | E49: 5.20% | G49: RPM Fail Rate | H49: 7.14% | I49: 0.00% | J49: 6.08% | K49: 8.40% | M49: RPM Fail Rate | N49: 2.31% | O49: 2.97% | P49: 1.76% | Q49: 1.95%
A50: Other Fail Rate | B50: 0.10% | C50: 0.00% | D50: 0.32% | E50: 0.00% | G50: Other Fail Rate | H50: 0.00% | I50: 0.00% | J50: 0.00% | K50: 0.00% | M50: Other Fail Rate | N50: 0.00% | O50: 0.00% | P50: 0.00% | Q50: 0.00%
A51: Noise | B51: 37 | C51: 0 | D51: 16 | E51: 21 | G51: Noise | H51: 67 | I51: 0 | J51: 67 | K51: 0 | M51: Noise | N51: 208 | O51: 92 | P51: 54 | Q51: 62
A52: Only Index1 Fail | B52: 12 | C52: 0 | D52: 12 | E52: 0 | G52: Only Index1 Fail | H52: 49 | I52: 0 | J52: 49 | K52: 0 | M52: Only Index1 Fail | N52: 132 | O52: 47 | P52: 40 | Q52: 45
A53: Only Index2 Fail | B53: 2 | C53: 0 | D53: 0 | E53: 2 | G53: Only Index2 Fail | H53: 1 | I53: 0 | J53: 1 | K53: 0 | M53: Only Index2 Fail | N53: 4 | O53: 1 | P53: 1 | Q53: 2
A54: Only Index3 Fail | B54: 11 | C54: 0 | D54: 0 | E54: 11 | G54: Only Index3 Fail | H54: 0 | I54: 0 | J54: 0 | K54: 0 | M54: Only Index3 Fail | N54: 18 | O54: 18 | P54: 0 | Q54: 0
A55: Multiple Index Fail | B55: 12 | C55: 0 | D55: 4 | E55: 8 | G55: Multiple Index Fail | H55: 17 | I55: 0 | J55: 17 | K55: 0 | M55: Multiple Index Fail | N55: 54 | O55: 26 | P55: 13 | Q55: 15
A56: Spec Fail | B56: 0 | C56: 0 | D56: 0 | E56: 0 | G56: Spec Fail | H56: 0 | I56: 0 | J56: 0 | K56: 0 | M56: Spec Fail | N56: 0 | O56: 0 | P56: 0 | Q56: 0
A57: RPM NG | B57: 58 | C57: 24 | D57: 20 | E57: 14 | G57: RPM NG | H57: 82 | I57: 0 | J57: 38 | K57: 44 | M57: RPM NG | N57: 49 | O57: 26 | P57: 13 | Q57: 10
A58: Out of control | B58: 1 | C58: 0 | D58: 1 | E58: 0 | G58: Out of control | H58: 0 | I58: 0 | J58: 0 | K58: 0 | M58: Out of control | N58: 0 | O58: 0 | P58: 0 | Q58: 0
A59: No rotate | B59: 57 | C59: 24 | D59: 19 | E59: 14 | G59: No rotate | H59: 82 | I59: 0 | J59: 38 | K59: 44 | M59: No rotate | N59: 49 | O59: 26 | P59: 13 | Q59: 10
A60: Others | B60: 1 | C60: 0 | D60: 1 | E60: 0 | G60: Others | H60: 0 | I60: 0 | J60: 0 | K60: 0 | M60: Others | N60: 0 | O60: 0 | P60: 0 | Q60: 0
A61: PauseOrFreeRun | B61: 0 | C61: 0 | D61: 0 | E61: 0 | G61: PauseOrFreeRun | H61: 0 | I61: 0 | J61: 0 | K61: 0 | M61: PauseOrFreeRun | N61: 0 | O61: 0 | P61: 0 | Q61: 0
A62: No Barcode | B62: 1 | C62: 0 | D62: 1 | E62: 0 | G62: No Barcode | H62: 0 | I62: 0 | J62: 0 | K62: 0 | M62: No Barcode | N62: 0 | O62: 0 | P62: 0 | Q62: 0
A63: Model Name | B63: 36204G1711 | G63: Model Name | H63: 36204G1711 | M63: Model Name | N63: 36204G1711
A64: 46092 | G64: 46116 | M64: 46148
A65: Metric | B65: Total | C65: Station 1 | D65: Station 2 | E65: Station 3 | G65: Metric | H65: Total | I65: Station 1 | J65: Station 2 | K65: Station 3 | M65: Metric | N65: Total | O65: Station 1 | P65: Station 2 | Q65: Station 3
A66: Total Count | B66: 1372 | C66: 618 | D66: 512 | E66: 242 | G66: Total Count | H66: 383 | I66: 0 | J66: 0 | K66: 383 | M66: Total Count | N66: 3852 | O66: 1567 | P66: 1311 | Q66: 974
A67: Fail Count | B67: 87 | C67: 21 | D67: 42 | E67: 24 | G67: Fail Count | H67: 35 | I67: 0 | J67: 0 | K67: 35 | M67: Fail Count | N67: 475 | O67: 225 | P67: 102 | Q67: 148
A68: Fail Rate | B68: 6.34% | C68: 3.40% | D68: 8.20% | E68: 9.92% | G68: Fail Rate | H68: 9.14% | I68: 0 | J68: 0 | K68: 9.14% | M68: Fail Rate | N68: 12.33% | O68: 14.36% | P68: 7.78% | Q68: 15.20%
A69: Noise Rate | B69: 3.86% | C69: 0.49% | D69: 6.84% | E69: 6.20% | G69: Noise Rate | H69: 0.00% | I69: 0 | J69: 0 | K69: 0.00% | M69: Noise Rate | N69: 11.53% | O69: 13.72% | P69: 6.94% | Q69: 14.17%
A70: RPM Fail Rate | B70: =B68-B69 -> 0.0248 | C70: =C68-C69 -> 0.0291 | D70: 3.12% | E70: 3.72% | G70: RPM Fail Rate | H70: 8.88% | I70: 0.00% | J70: 0.00% | K70: 8.88% | M70: RPM Fail Rate | N70: 0.80% | O70: 0.64% | P70: 0.84% | Q70: 1.03%
A71: Other Fail Rate | B71: 0.07% | C71: 0.00% | D71: 0.20% | E71: 0.00% | G71: Other Fail Rate | H71: 0.00% | I71: 0.00% | J71: 0.00% | K71: 0.00% | M71: Other Fail Rate | N71: 0.16% | O71: 0.06% | P71: 0.31% | Q71: 0.10%
A72: Noise | B72: 53 | C72: 3 | D72: 35 | E72: 15 | G72: Noise | H72: 0 | I72: 0 | J72: 0 | K72: 0 | M72: Noise | N72: 444 | O72: 215 | P72: 91 | Q72: 138
A73: Only Index1 Fail | B73: 18 | C73: 0 | D73: 17 | E73: 1 | G73: Only Index1 Fail | H73: 0 | I73: 0 | J73: 0 | K73: 0 | M73: Only Index1 Fail | N73: 286 | O73: 133 | P73: 72 | Q73: 81
A74: Only Index2 Fail | B74: 1 | C74: 0 | D74: 0 | E74: 1 | G74: Only Index2 Fail | H74: 0 | I74: 0 | J74: 0 | K74: 0 | M74: Only Index2 Fail | N74: 13 | O74: 2 | P74: 1 | Q74: 10
A75: Only Index3 Fail | B75: 6 | C75: 1 | D75: 0 | E75: 5 | G75: Only Index3 Fail | H75: 0 | I75: 0 | J75: 0 | K75: 0 | M75: Only Index3 Fail | N75: 26 | O75: 26 | P75: 0 | Q75: 0
A76: Multiple Index Fail | B76: 28 | C76: 2 | D76: 18 | E76: 8 | G76: Multiple Index Fail | H76: 0 | I76: 0 | J76: 0 | K76: 0 | M76: Multiple Index Fail | N76: 119 | O76: 54 | P76: 18 | Q76: 47
A77: Spec Fail | B77: 0 | C77: 0 | D77: 0 | E77: 0 | G77: Spec Fail | H77: 0 | I77: 0 | J77: 0 | K77: 0 | M77: Spec Fail | N77: 0 | O77: 0 | P77: 0 | Q77: 0
A78: RPM NG | B78: 39 | C78: 14 | D78: 16 | E78: 9 | G78: RPM NG | H78: 34 | I78: 0 | J78: 0 | K78: 34 | M78: RPM NG | N78: 31 | O78: 10 | P78: 11 | Q78: 10
A79: Out of control | B79: 0 | C79: 0 | D79: 0 | E79: 0 | G79: Out of control | H79: 0 | I79: 0 | J79: 0 | K79: 0 | M79: Out of control | N79: 3 | O79: 1 | P79: 2 | Q79: 0
A80: No rotate | B80: 39 | C80: 14 | D80: 16 | E80: 9 | G80: No rotate | H80: 34 | I80: 0 | J80: 0 | K80: 34 | M80: No rotate | N80: 28 | O80: 9 | P80: 9 | Q80: 10
A81: Others | B81: 1 | C81: 0 | D81: 1 | E81: 0 | G81: Others | H81: 0 | I81: 0 | J81: 0 | K81: 0 | M81: Others | N81: 6 | O81: 1 | P81: 4 | Q81: 1
A82: PauseOrFreeRun | B82: 0 | C82: 0 | D82: 0 | E82: 0 | G82: PauseOrFreeRun | H82: 0 | I82: 0 | J82: 0 | K82: 0 | M82: PauseOrFreeRun | N82: 3 | O82: 1 | P82: 1 | Q82: 1
A83: No Barcode | B83: 1 | C83: 0 | D83: 1 | E83: 0 | G83: No Barcode | H83: 0 | I83: 0 | J83: 0 | K83: 0 | M83: No Barcode | N83: 6 | O83: 1 | P83: 4 | Q83: 1
A84: Model Name | B84: 36204G1711 | G84: Model Name | H84: 36204G1711 | M84: Model Name | N84: 36204G1711
A85: 46093 | G85: 46118 | M85: 46149
A86: Metric | B86: Total | C86: Station 1 | D86: Station 2 | E86: Station 3 | G86: Metric | H86: Total | I86: Station 1 | J86: Station 2 | K86: Station 3 | M86: Metric | N86: Total | O86: Station 1 | P86: Station 2 | Q86: Station 3
A87: Total Count | B87: 1258 | C87: 593 | D87: 517 | E87: 148 | G87: Total Count | H87: 1478 | I87: 601 | J87: 491 | K87: 386 | M87: Total Count | N87: 3507 | O87: 1405 | P87: 1201 | Q87: 901
A88: Fail Count | B88: 110 | C88: 23 | D88: 60 | E88: 27 | G88: Fail Count | H88: 257 | I88: 127 | J88: 103 | K88: 27 | M88: Fail Count | N88: 516 | O88: 232 | P88: 133 | Q88: 151
A89: Fail Rate | B89: 8.74% | C89: 3.88% | D89: 11.61% | E89: 18.24% | G89: Fail Rate | H89: 17.39% | I89: 21.13% | J89: 20.98% | K89: 6.99% | M89: Fail Rate | N89: 14.71% | O89: 16.51% | P89: 11.07% | Q89: 16.76%
A90: Noise Rate | B90: 6.36% | C90: 1.18% | D90: 9.86% | E90: 14.86% | G90: Noise Rate | H90: 11.37% | I90: 15.64% | J90: 15.07% | K90: 0.00% | M90: Noise Rate | N90: 12.69% | O90: 14.38% | P90: 8.91% | Q90: 15.09%
A91: RPM Fail Rate | B91: =B89-B90 -> 0.0238 | C91: =C89-C90 -> 0.027 | D91: 3.68% | E91: 3.38% | G91: RPM Fail Rate | H91: 6.02% | I91: 5.49% | J91: 5.91% | K91: 6.99% | M91: RPM Fail Rate | N91: 2.02% | O91: 2.14% | P91: 2.16% | Q91: 1.66%
A92: Other Fail Rate | B92: 0.16% | C92: 0.17% | D92: 0.19% | E92: 0.00% | G92: Other Fail Rate | H92: 0.00% | I92: 0.00% | J92: 0.00% | K92: 0.00% | M92: Other Fail Rate | N92: 0.11% | O92: 0.07% | P92: 0.08% | Q92: 0.22%
A93: Noise | B93: 80 | C93: 7 | D93: 51 | E93: 22 | G93: Noise | H93: 168 | I93: 94 | J93: 74 | K93: 0 | M93: Noise | N93: 445 | O93: 202 | P93: 107 | Q93: 136
A94: Only Index1 Fail | B94: 27 | C94: 0 | D94: 25 | E94: 2 | G94: Only Index1 Fail | H94: 125 | I94: 65 | J94: 60 | K94: 0 | M94: Only Index1 Fail | N94: 259 | O94: 106 | P94: 86 | Q94: 67
A95: Only Index2 Fail | B95: 0 | C95: 0 | D95: 0 | E95: 0 | G95: Only Index2 Fail | H95: 2 | I95: 0 | J95: 2 | K95: 0 | M95: Only Index2 Fail | N95: 14 | O95: 1 | P95: 1 | Q95: 12
A96: Only Index3 Fail | B96: 6 | C96: 3 | D96: 0 | E96: 3 | G96: Only Index3 Fail | H96: 7 | I96: 7 | J96: 0 | K96: 0 | M96: Only Index3 Fail | N96: 27 | O96: 27 | P96: 0 | Q96: 0
A97: Multiple Index Fail | B97: 47 | C97: 4 | D97: 26 | E97: 17 | G97: Multiple Index Fail | H97: 34 | I97: 22 | J97: 12 | K97: 0 | M97: Multiple Index Fail | N97: 145 | O97: 68 | P97: 20 | Q97: 57
A98: Spec Fail | B98: 0 | C98: 0 | D98: 0 | E98: 0 | G98: Spec Fail | H98: 0 | I98: 0 | J98: 0 | K98: 0 | M98: Spec Fail | N98: 0 | O98: 0 | P98: 0 | Q98: 0
A99: RPM NG | B99: 37 | C99: 13 | D99: 19 | E99: 5 | G99: RPM NG | H99: 89 | I99: 33 | J99: 29 | K99: 27 | M99: RPM NG | N99: 71 | O99: 30 | P99: 26 | Q99: 15
A100: Out of control | B100: 0 | C100: 0 | D100: 0 | E100: 0 | G100: Out of control | H100: 0 | I100: 0 | J100: 0 | K100: 0 | M100: Out of control | N100: 0 | O100: 0 | P100: 0 | Q100: 0
...

Sheet C208
A1: 46083 | H1: 46113 | O1: 46143
A2: Metric | B2: Total | C2: Station 1 | D2: Station 2 | E2: Station 3 | F2: Station 4 | H2: Metric | I2: Total | J2: Station 1 | K2: Station 2 | L2: Station 3 | M2: Station 4 | O2: Metric | P2: Total | Q2: Station 1 | R2: Station 2 | S2: Station 3 | T2: Station 4
A3: Total Count | B3: 1120 | C3: 1120 | D3: 0 | E3: 0 | F3: 0 | H3: Total Count | I3: =J3+K3+L3+M3 -> 4910 | J3: 1548 | K3: 1393 | L3: 952 | M3: 1017 | O3: Total Count | P3: 5026 | Q3: 2073 | R3: 1613 | S3: 1099 | T3: 241
A4: Fail Count | B4: 10 | C4: 10 | D4: 0 | E4: 0 | F4: 0 | H4: Fail Count | I4: =J4+K4+L4+M4 -> 239 | J4: 11 | K4: 8 | L4: 208 | M4: 12 | O4: Fail Count | P4: 89 | Q4: 42 | R4: 23 | S4: 17 | T4: 7
A5: Fail Rate | B5: 0.89% | C5: 0.89% | D5: 0 | E5: 0 | F5: 0 | H5: Fail Rate | I5: =I4/I3 -> 0.048676171 | J5: 0.71% | K5: 0.57% | L5: 21.85% | M5: 1.18% | O5: Fail Rate | P5: 1.77% | Q5: 2.03% | R5: 1.43% | S5: 1.55% | T5: 2.90%
A6: Noise Rate | B6: 0.62% | C6: 0.62% | D6: 0 | E6: 0 | F6: 0 | H6: Noise Rate | I6: =I9/I3 -> 0.026476578 | J6: 0.45% | K6: 0.14% | L6: 11.45% | M6: 1.18% | O6: Noise Rate | P6: 1.43% | Q6: 1.59% | R6: 1.18% | S6: 1.18% | T6: 2.90%
A7: RPM Fail Rate | B7: 0.27% | C7: 0.27% | D7: 0.00% | E7: 0.00% | F7: 0.00% | H7: RPM Fail Rate | I7: =I15/I3 -> 0.021384929 | J7: 0.26% | K7: 0.43% | L7: 9.98% | M7: 0.00% | O7: RPM Fail Rate | P7: 0.34% | Q7: 0.43% | R7: 0.25% | S7: 0.36% | T7: 0.00%
A8: Other Fail Rate | B8: 0.09% | C8: 0.09% | D8: 0.00% | E8: 0.00% | F8: 0.00% | H8: Other Fail Rate | I8: 0.00% | J8: 0.00% | K8: 0.00% | L8: 0.00% | M8: 0.00% | O8: Other Fail Rate | P8: 0.00% | Q8: 0.00% | R8: 0.00% | S8: 0.00% | T8: 0.00%
A9: Noise | B9: 7 | C9: 7 | D9: 0 | E9: 0 | F9: 0 | H9: Noise | I9: =J9+K9+L9+M9 -> 130 | J9: 7 | K9: 2 | L9: 109 | M9: 12 | O9: Noise | P9: 72 | Q9: 33 | R9: 19 | S9: 13 | T9: 7
A10: Only Index1 Fail | B10: 3 | C10: 3 | D10: 0 | E10: 0 | F10: 0 | H10: Only Index1 Fail | I10: 21 | J10: 3 | K10: 2 | L10: 9 | M10: 9 | O10: Only Index1 Fail | P10: 61 | Q10: 27 | R10: 16 | S10: 12 | T10: 6
A11: Only Index2 Fail | B11: 0 | C11: 0 | D11: 0 | E11: 0 | F11: 0 | H11: Only Index2 Fail | I11: 1 | J11: 0 | K11: 0 | L11: 0 | M11: 1 | O11: Only Index2 Fail | P11: 1 | Q11: 0 | R11: 1 | S11: 0 | T11: 0
A12: Only Index3 Fail | B12: 0 | C12: 0 | D12: 0 | E12: 0 | F12: 0 | H12: Only Index3 Fail | I12: 0 | J12: 0 | K12: 0 | L12: 0 | M12: 0 | O12: Only Index3 Fail | P12: 0 | Q12: 0 | R12: 0 | S12: 0 | T12: 0
A13: Multiple Index Fail | B13: 4 | C13: 4 | D13: 0 | E13: 0 | F13: 0 | H13: Multiple Index Fail | I13: 106 | J13: 4 | K13: 0 | L13: 100 | M13: 2 | O13: Multiple Index Fail | P13: 10 | Q13: 6 | R13: 2 | S13: 1 | T13: 1
A14: Spec Fail | B14: 0 | C14: 0 | D14: 0 | E14: 0 | F14: 0 | H14: Spec Fail | I14: 0 | J14: 0 | K14: 0 | L14: 0 | M14: 0 | O14: Spec Fail | P14: 0 | Q14: 0 | R14: 0 | S14: 0 | T14: 0
A15: RPM NG | B15: 3 | C15: 3 | D15: 0 | E15: 0 | F15: 0 | H15: RPM NG | I15: =J15+K15+L15 -> 105 | J15: 4 | K15: 6 | L15: 95 | M15: 0 | O15: RPM NG | P15: 17 | Q15: 9 | R15: 4 | S15: 4 | T15: 0
A16: Out of control | B16: 2 | C16: 2 | D16: 0 | E16: 0 | F16: 0 | H16: Out of control | I16: =L16 -> 90 | J16: 0 | K16: 0 | L16: 90 | M16: 0 | O16: Out of control | P16: 6 | Q16: 3 | R16: 2 | S16: 1 | T16: 0
A17: No rotate | B17: 1 | C17: 1 | D17: 0 | E17: 0 | F17: 0 | H17: No rotate | I17: =J17+K17+L17 -> 15 | J17: 4 | K17: 6 | L17: 5 | M17: 0 | O17: No rotate | P17: 11 | Q17: 6 | R17: 2 | S17: 3 | T17: 0
A18: Others | B18: 1 | C18: 1 | D18: 0 | E18: 0 | F18: 0 | H18: Others | I18: 0 | J18: 0 | K18: 0 | L18: 0 | M18: 0 | O18: Others | P18: 0 | Q18: 0 | R18: 0 | S18: 0 | T18: 0
A19: PauseOrFreeRun | B19: 0 | C19: 0 | D19: 0 | E19: 0 | F19: 0 | H19: PauseOrFreeRun | I19: 0 | J19: 0 | K19: 0 | L19: 0 | M19: 0 | O19: PauseOrFreeRun | P19: 0 | Q19: 0 | R19: 0 | S19: 0 | T19: 0
A20: No Barcode | B20: 1 | C20: 1 | D20: 0 | E20: 0 | F20: 0 | H20: No Barcode | I20: 0 | J20: 0 | K20: 0 | L20: 0 | M20: 0 | O20: No Barcode | P20: 0 | Q20: 0 | R20: 0 | S20: 0 | T20: 0
A21: Model Name | B21: TAA0412DDX01W2P F | H21: Model Name | I21: 36204B6311 | O21: Model Name | P21: TAA0412DDX01W2P F
A22: 46084 | H22: 46114 | O22: 46146
A23: Metric | B23: Total | C23: Station 1 | D23: Station 2 | E23: Station 3 | F23: Station 4 | H23: Metric | I23: Total | J23: Station 1 | K23: Station 2 | L23: Station 3 | M23: Station 4 | O23: Metric | P23: Total | Q23: Station 1 | R23: Station 2 | S23: Station 3 | T23: Station 4
A24: Total Count | B24: 1912 | C24: 828 | D24: 621 | E24: 463 | F24: 0 | H24: Total Count | I24: 5827 | J24: 1839 | K24: 2008 | L24: 784 | M24: 1196 | O24: Total Count | P24: =Q24+R24+S24+T24 -> 2607 | Q24: 953 | R24: 542 | S24: 483 | T24: 629
A25: Fail Count | B25: 12 | C25: 4 | D25: 1 | E25: 7 | F25: 0 | H25: Fail Count | I25: 395 | J25: 86 | K25: 98 | L25: 147 | M25: 64 | O25: Fail Count | P25: =Q25+R25+S25+T25 -> 27 | Q25: 12 | R25: 5 | S25: 6 | T25: 4
A26: Fail Rate | B26: 0.63% | C26: 0.48% | D26: 0.16% | E26: 1.51% | F26: 0 | H26: Fail Rate | I26: 6.78% | J26: 4.68% | K26: 4.88% | L26: 18.75% | M26: 5.35% | O26: Fail Rate | P26: =P25/P24 -> 0.010356732 | Q26: 1.26% | R26: 0.92% | S26: 1.24% | T26: 0.64%
A27: Noise Rate | B27: 0.47% | C27: 0.36% | D27: 0.16% | E27: 1.08% | F27: 0 | H27: Noise Rate | I27: 2.59% | J27: 0.92% | K27: 0.20% | L27: 14.80% | M27: 1.17% | O27: Noise Rate | P27: =P30/P24 -> 0.0092059839 | Q27: 1.05% | R27: 0.74% | S27: 1.24% | T27: 0.64%
A28: RPM Fail Rate | B28: 0.16% | C28: 0.12% | D28: 0.00% | E28: 0.43% | F28: 0.00% | H28: RPM Fail Rate | I28: 4.17% | J28: 3.70% | K28: 4.68% | L28: 3.95% | M28: 4.18% | O28: RPM Fail Rate | P28: =P36/P24 -> 0.00076716532 | Q28: 0.21% | R28: 0.18% | S28: 0.00% | T28: 0.00%
A29: Other Fail Rate | B29: 0.05% | C29: 0.12% | D29: 0.00% | E29: 0.00% | F29: 0.00% | H29: Other Fail Rate | I29: 0.00% | J29: 0.00% | K29: 0.00% | L29: 0.00% | M29: 0.00% | O29: Other Fail Rate | P29: =P39/P24 -> 0.001150748 | Q29: 0.00% | R29: 0.37% | S29: 0.21% | T29: 0.00%
A30: Noise | B30: 9 | C30: 3 | D30: 1 | E30: 5 | F30: 0 | H30: Noise | I30: 151 | J30: 17 | K30: 4 | L30: 116 | M30: 14 | O30: Noise | P30: =Q30+R30+S30+T30 -> 24 | Q30: 10 | R30: 4 | S30: 6 | T30: 4
A31: Only Index1 Fail | B31: 4 | C31: 3 | D31: 1 | E31: 0 | F31: 0 | H31: Only Index1 Fail | I31: 33 | J31: 7 | K31: 3 | L31: 15 | M31: 8 | O31: Only Index1 Fail | P31: =Q31+R31+S31+T31 -> 21 | Q31: 9 | R31: 2 | S31: 6 | T31: 4
A32: Only Index2 Fail | B32: 0 | C32: 0 | D32: 0 | E32: 0 | F32: 0 | H32: Only Index2 Fail | I32: 0 | J32: 0 | K32: 0 | L32: 0 | M32: 0 | O32: Only Index2 Fail | P32: 1 | Q32: 1 | R32: 0 | S32: 0 | T32: 0
A33: Only Index3 Fail | B33: 4 | C33: 0 | D33: 0 | E33: 4 | F33: 0 | H33: Only Index3 Fail | I33: 0 | J33: 0 | K33: 0 | L33: 0 | M33: 0 | O33: Only Index3 Fail | P33: 0 | Q33: 0 | R33: 0 | S33: 0 | T33: 0
A34: Multiple Index Fail | B34: 1 | C34: 0 | D34: 0 | E34: 1 | F34: 0 | H34: Multiple Index Fail | I34: 118 | J34: 10 | K34: 1 | L34: 101 | M34: 6 | O34: Multiple Index Fail | P34: 0 | Q34: 0 | R34: 2 | S34: 0 | T34: 0
A35: Spec Fail | B35: 0 | C35: 0 | D35: 0 | E35: 0 | F35: 0 | H35: Spec Fail | I35: 0 | J35: 0 | K35: 0 | L35: 0 | M35: 0 | O35: Spec Fail | P35: 0 | Q35: 0 | R35: 0 | S35: 0 | T35: 0
A36: RPM NG | B36: 3 | C36: 1 | D36: 0 | E36: 2 | F36: 0 | H36: RPM NG | I36: 243 | J36: 68 | K36: 94 | L36: 31 | M36: 50 | O36: RPM NG | P36: 2 | Q36: 2 | R36: 1 | S36: 0 | T36: 0
A37: Out of control | B37: 0 | C37: 0 | D37: 0 | E37: 0 | F37: 0 | H37: Out of control | I37: 17 | J37: 4 | K37: 5 | L37: 7 | M37: 1 | O37: Out of control | P37: 1 | Q37: 1 | R37: 0 | S37: 0 | T37: 0
A38: No rotate | B38: 3 | C38: 1 | D38: 0 | E38: 2 | F38: 0 | H38: No rotate | I38: 226 | J38: 64 | K38: 89 | L38: 24 | M38: 49 | O38: No rotate | P38: 1 | Q38: 1 | R38: 1 | S38: 0 | T38: 0
A39: Others | B39: 1 | C39: 1 | D39: 0 | E39: 0 | F39: 0 | H39: Others | I39: 0 | J39: 0 | K39: 0 | L39: 0 | M39: 0 | O39: Others | P39: =Q39+R39+S39+T39 -> 3 | Q39: 0 | R39: 2 | S39: 1 | T39: 0
A40: PauseOrFreeRun | B40: 0 | C40: 0 | D40: 0 | E40: 0 | F40: 0 | H40: PauseOrFreeRun | I40: 0 | J40: 0 | K40: 0 | L40: 0 | M40: 0 | O40: PauseOrFreeRun | P40: 0 | Q40: 0 | R40: 0 | S40: 0 | T40: 0
A41: No Barcode | B41: 1 | C41: 1 | D41: 0 | E41: 0 | F41: 0 | H41: No Barcode | I41: 0 | J41: 0 | K41: 0 | L41: 0 | M41: 0 | O41: No Barcode | P41: 3 | Q41: 0 | R41: 2 | S41: 1 | T41: 0
A42: Model Name | B42: TAA0412DDX01W2P F | H42: Model Name | I42: 36204B6311 | O42: Model Name | P42: TAA0412DDX01W2P F
A43: 46085 | H43: 46115 | O43: 46147
A44: Metric | B44: Total | C44: Station 1 | D44: Station 2 | E44: Station 3 | F44: Station 4 | H44: Metric | I44: Total | J44: Station 1 | K44: Station 2 | L44: Station 3 | M44: Station 4 | O44: Metric | P44: Total | Q44: Station 1 | R44: Station 2 | S44: Station 3 | T44: Station 4
A45: Total Count | B45: 280 | C45: 125 | D45: 89 | E45: 66 | F45: 0 | H45: Total Count | I45: =J45+K45+L45+M45 -> 4072 | J45: 1310 | K45: 1276 | L45: 799 | M45: 687 | O45: Total Count | P45: 3604 | Q45: 780 | R45: 0 | S45: 1435 | T45: 1389
A46: Fail Count | B46: 5 | C46: 0 | D46: 0 | E46: 5 | F46: 0 | H46: Fail Count | I46: =J46+K46+L46+M46 -> 197 | J46: 67 | K46: 45 | L46: 40 | M46: 45 | O46: Fail Count | P46: 229 | Q46: 10 | R46: 0 | S46: 202 | T46: 17
A47: Fail Rate | B47: 1.79% | C47: 0.00% | D47: 0.00% | E47: 7.58% | F47: 0 | H47: Fail Rate | I47: =I46/I45 -> 0.048379175 | J47: 5.11% | K47: 3.53% | L47: 5.01% | M47: 6.55% | O47: Fail Rate | P47: 6.35% | Q47: 1.28% | R47: 0 | S47: 14.08% | T47: 1.22%
A48: Noise Rate | B48: 1.79% | C48: 0.00% | D48: 0.00% | E48: 7.58% | F48: 0 | H48: Noise Rate | I48: =I51/I45 -> 0.012770138 | J48: 1.30% | K48: 0.55% | L48: 2.00% | M48: 1.75% | O48: Noise Rate | P48: 5.97% | Q48: 1.03% | R48: 0 | S48: 13.52% | T48: 0.94%
A49: RPM Fail Rate | B49: 0.00% | C49: 0.00% | D49: 0.00% | E49: 0.00% | F49: 0.00% | H49: RPM Fail Rate | I49: =I57/I45 -> 0.035117878 | J49: 3.82% | K49: 2.90% | L49: 3.00% | M49: 4.66% | O49: RPM Fail Rate | P49: 0.39% | Q49: 0.26% | R49: 0.00% | S49: 0.56% | T49: 0.29%
A50: Other Fail Rate | B50: 0.00% | C50: 0.00% | D50: 0.00% | E50: 0.00% | F50: 0.00% | H50: Other Fail Rate | I50: 0.00% | J50: 0.00% | K50: 0.00% | L50: 0.00% | M50: 0.00% | O50: Other Fail Rate | P50: 0.06% | Q50: 0.00% | R50: 0.00% | S50: 0.07% | T50: 0.07%
A51: Noise | B51: 5 | C51: 0 | D51: 0 | E51: 5 | F51: 0 | H51: Noise | I51: =J51+K51+L51+M51 -> 52 | J51: 17 | K51: 7 | L51: 16 | M51: 12 | O51: Noise | P51: 215 | Q51: 8 | R51: 0 | S51: 194 | T51: 13
A52: Only Index1 Fail | B52: 2 | C52: 0 | D52: 0 | E52: 2 | F52: 0 | H52: Only Index1 Fail | I52: 18 | J52: 11 | K52: 7 | L52: 7 | M52: 6 | O52: Only Index1 Fail | P52: 43 | Q52: 4 | R52: 0 | S52: 31 | T52: 8
A53: Only Index2 Fail | B53: 0 | C53: 0 | D53: 0 | E53: 0 | F53: 0 | H53: Only Index2 Fail | I53: 0 | J53: 0 | K53: 0 | L53: 0 | M53: 0 | O53: Only Index2 Fail | P53: 0 | Q53: 0 | R53: 0 | S53: 0 | T53: 0
A54: Only Index3 Fail | B54: 3 | C54: 0 | D54: 0 | E54: 3 | F54: 0 | H54: Only Index3 Fail | I54: 0 | J54: 0 | K54: 0 | L54: 0 | M54: 0 | O54: Only Index3 Fail | P54: 0 | Q54: 0 | R54: 0 | S54: 0 | T54: 0
A55: Multiple Index Fail | B55: 0 | C55: 0 | D55: 0 | E55: 0 | F55: 0 | H55: Multiple Index Fail | I55: 15 | J55: 6 | K55: 0 | L55: 9 | M55: 6 | O55: Multiple Index Fail | P55: 172 | Q55: 4 | R55: 0 | S55: 163 | T55: 5
A56: Spec Fail | B56: 0 | C56: 0 | D56: 0 | E56: 0 | F56: 0 | H56: Spec Fail | I56: 0 | J56: 0 | K56: 0 | L56: 0 | M56: 0 | O56: Spec Fail | P56: 0 | Q56: 0 | R56: 0 | S56: 0 | T56: 0
A57: RPM NG | B57: 0 | C57: 0 | D57: 0 | E57: 0 | F57: 0 | H57: RPM NG | I57: =J57+K57+L57+M57 -> 143 | J57: 50 | K57: 37 | L57: 24 | M57: 32 | O57: RPM NG | P57: 14 | Q57: 2 | R57: 0 | S57: 8 | T57: 4
A58: Out of control | B58: 0 | C58: 0 | D58: 0 | E58: 0 | F58: 0 | H58: Out of control | I58: 0 | J58: 0 | K58: 0 | L58: 0 | M58: 0 | O58: Out of control | P58: 3 | Q58: 1 | R58: 0 | S58: 1 | T58: 1
A59: No rotate | B59: 0 | C59: 0 | D59: 0 | E59: 0 | F59: 0 | H59: No rotate | I59: 74 | J59: 50 | K59: 37 | L59: 24 | M59: 32 | O59: No rotate | P59: 11 | Q59: 1 | R59: 0 | S59: 7 | T59: 3
A60: Others | B60: 0 | C60: 0 | D60: 0 | E60: 0 | F60: 0 | H60: Others | I60: 0 | J60: 0 | K60: 0 | L60: 0 | M60: 0 | O60: Others | P60: 2 | Q60: 0 | R60: 0 | S60: 1 | T60: 1
A61: PauseOrFreeRun | B61: 0 | C61: 0 | D61: 0 | E61: 0 | F61: 0 | H61: PauseOrFreeRun | I61: 0 | J61: 0 | K61: 0 | L61: 0 | M61: 0 | O61: PauseOrFreeRun | P61: 0 | Q61: 0 | R61: 0 | S61: 0 | T61: 0
A62: No Barcode | B62: 0 | C62: 0 | D62: 0 | E62: 0 | F62: 0 | H62: No Barcode | I62: 0 | J62: 0 | K62: 0 | L62: 0 | M62: 0 | O62: No Barcode | P62: 2 | Q62: 0 | R62: 0 | S62: 1 | T62: 1
A63: Model Name | B63: TAA0412DDX01W2P F | H63: Model Name | I63: 36204B6311,FFB0412EHN-DJ08 W | O63: Model Name | P63: TAA0412DDX01W2P F
A64: 46093 | H64: 46116 | O64: 46148
A65: Metric | B65: Total | C65: Station 1 | D65: Station 2 | E65: Station 3 | F65: Station 4 | H65: Metric | I65: Total | J65: Station 1 | K65: Station 2 | L65: Station 3 | M65: Station 4 | O65: Metric | P65: Total | Q65: Station 1 | R65: Station 2 | S65: Station 3 | T65: Station 4
A66: Total Count | B66: 4439 | C66: 1818 | D66: 1446 | E66: 670 | F66: 505 | H66: Total Count | I66: =J66+K66+L66+M66 -> 1598 | J66: 662 | K66: 541 | L66: 283 | M66: 112 | O66: Total Count | P66: 4165 | Q66: 2127 | R66: 0 | S66: 1095 | T66: 943
A67: Fail Count | B67: 105 | C67: 44 | D67: 20 | E67: 35 | F67: 6 | H67: Fail Count | I67: =J67+K67+L67+M67 -> 169 | J67: 33 | K67: 34 | L67: 87 | M67: 15 | O67: Fail Count | P67: 218 | Q67: 21 | R67: 0 | S67: 188 | T67: 9
A68: Fail Rate | B68: 2.37% | C68: 2.42% | D68: 1.38% | E68: 5.22% | F68: 1.19% | H68: Fail Rate | I68: =I67/I66 -> 0.1057572 | J68: 4.98% | K68: 6.28% | L68: 30.74% | M68: 13.39% | O68: Fail Rate | P68: 5.23% | Q68: 0.99% | R68: 0 | S68: 17.17% | T68: 0.95%
A69: Noise Rate | B69: 1.04% | C69: 0.88% | D69: 0.41% | E69: 3.13% | F69: 0.59% | H69: Noise Rate | I69: =I72/I66 -> 0.049436796 | J69: 0.30% | K69: 0.74% | L69: 24.73% | M69: 2.68% | O69: Noise Rate | P69: 5.04% | Q69: 0.80% | R69: 0 | S69: 16.80% | T69: 0.95%
A70: RPM Fail Rate | B70: 1.33% | C70: 1.54% | D70: 0.97% | E70: 2.09% | F70: 0.59% | H70: RPM Fail Rate | I70: =I78/I66 -> 0.056320401 | J70: 4.68% | K70: 5.55% | L70: 6.01% | M70: 10.71% | O70: RPM Fail Rate | P70: 0.19% | Q70: 0.19% | R70: 0.00% | S70: 0.37% | T70: 0.00%
A71: Other Fail Rate | B71: 0.02% | C71: 0.00% | D71: 0.07% | E71: 0.00% | F71: 0.00% | H71: Other Fail Rate | I71: 0.00% | J71: 0.00% | K71: 0.00% | L71: 0.00% | M71: 0.00% | O71: Other Fail Rate | P71: 0.05% | Q71: 0.05% | R71: 0.00% | S71: 0.09% | T71: 0.00%
A72: Noise | B72: 46 | C72: 16 | D72: 6 | E72: 21 | F72: 3 | H72: Noise | I72: =J72+K72+L72+M72 -> 79 | J72: 2 | K72: 4 | L72: 70 | M72: 3 | O72: Noise | P72: 210 | Q72: 17 | R72: 0 | S72: 184 | T72: 9
A73: Only Index1 Fail | B73: 25 | C73: 13 | D73: 6 | E73: 3 | F73: 3 | H73: Only Index1 Fail | I73: 7 | J73: 2 | K73: 4 | L73: 5 | M73: 2 | O73: Only Index1 Fail | P73: 64 | Q73: 14 | R73: 0 | S73: 43 | T73: 7
A74: Only Index2 Fail | B74: 0 | C74: 0 | D74: 0 | E74: 0 | F74: 0 | H74: Only Index2 Fail | I74: 0 | J74: 0 | K74: 0 | L74: 0 | M74: 0 | O74: Only Index2 Fail | P74: 2 | Q74: 0 | R74: 0 | S74: 1 | T74: 1
A75: Only Index3 Fail | B75: 0 | C75: 0 | D75: 0 | E75: 0 | F75: 0 | H75: Only Index3 Fail | I75: 0 | J75: 0 | K75: 0 | L75: 0 | M75: 0 | O75: Only Index3 Fail | P75: 0 | Q75: 0 | R75: 0 | S75: 0 | T75: 0
A76: Multiple Index Fail | B76: 21 | C76: 3 | D76: 0 | E76: 18 | F76: 0 | H76: Multiple Index Fail | I76: 65 | J76: 0 | K76: 0 | L76: 65 | M76: 1 | O76: Multiple Index Fail | P76: 144 | Q76: 3 | R76: 0 | S76: 140 | T76: 1
A77: Spec Fail | B77: 0 | C77: 0 | D77: 0 | E77: 0 | F77: 0 | H77: Spec Fail | I77: 0 | J77: 0 | K77: 0 | L77: 0 | M77: 0 | O77: Spec Fail | P77: 0 | Q77: 0 | R77: 0 | S77: 0 | T77: 0
A78: RPM NG | B78: 59 | C78: 28 | D78: 14 | E78: 14 | F78: 3 | H78: RPM NG | I78: =J78+K78+L78+M78 -> 90 | J78: 31 | K78: 30 | L78: 17 | M78: 12 | O78: RPM NG | P78: 8 | Q78: 4 | R78: 0 | S78: 4 | T78: 0
A79: Out of control | B79: 38 | C79: 18 | D79: 8 | E79: 10 | F79: 2 | H79: Out of control | I79: 0 | J79: 0 | K79: 0 | L79: 0 | M79: 0 | O79: Out of control | P79: 3 | Q79: 2 | R79: 0 | S79: 1 | T79: 0
A80: No rotate | B80: 21 | C80: 10 | D80: 6 | E80: 4 | F80: 1 | H80: No rotate | I80: 48 | J80: 31 | K80: 30 | L80: 17 | M80: 12 | O80: No rotate | P80: 5 | Q80: 2 | R80: 0 | S80: 3 | T80: 0
A81: Others | B81: 1 | C81: 0 | D81: 1 | E81: 0 | F81: 0 | H81: Others | I81: 0 | J81: 0 | K81: 0 | L81: 0 | M81: 0 | O81: Others | P81: 2 | Q81: 1 | R81: 0 | S81: 1 | T81: 0
A82: PauseOrFreeRun | B82: 0 | C82: 0 | D82: 0 | E82: 0 | F82: 0 | H82: PauseOrFreeRun | I82: 0 | J82: 0 | K82: 0 | L82: 0 | M82: 0 | O82: PauseOrFreeRun | P82: 0 | Q82: 0 | R82: 0 | S82: 0 | T82: 0
A83: No Barcode | B83: 1 | C83: 0 | D83: 1 | E83: 0 | F83: 0 | H83: No Barcode | I83: 0 | J83: 0 | K83: 0 | L83: 0 | M83: 0 | O83: No Barcode | P83: 2 | Q83: 1 | R83: 0 | S83: 1 | T83: 0
A84: Model Name | B84: TAA0412DDX01W2P F | H84: Model Name | I84: FFB0412EHN-DJ08 W | O84: Model Name | P84: TAA0412DDX01W2P F
A85: 46094 | H85: 46118 | O85: 46149
A86: Metric | B86: Total | C86: Station 1 | D86: Station 2 | E86: Station 3 | F86: Station 4 | H86: Metric | I86: Total | J86: Station 1 | K86: Station 2 | L86: Station 3 | M86: Station 4 | O86: Metric | P86: Total | Q86: Station 1 | R86: Station 2 | S86: Station 3 | T86: Station 4
A87: Total Count | B87: 4803 | C87: 1966 | D87: 1671 | E87: 861 | F87: 305 | H87: Total Count | I87: =J87+K87+L87+M87 -> 2319 | J87: 519 | K87: 983 | L87: 132 | M87: 685 | O87: Total Count | P87: 3899 | Q87: 2276 | R87: 0 | S87: 0 | T87: 1623
A88: Fail Count | B88: 92 | C88: 27 | D88: 9 | E88: 52 | F88: 4 | H88: Fail Count | I88: =J88+K88+L88+M88 -> 54 | J88: 8 | K88: 14 | L88: 20 | M88: 12 | O88: Fail Count | P88: 46 | Q88: 23 | R88: 0 | S88: 0 | T88: 23
A89: Fail Rate | B89: 1.92% | C89: 1.37% | D89: 0.54% | E89: 6.04% | F89: 1.31% | H89: Fail Rate | I89: =I88/I87 -> 0.023285899 | J89: 1.54% | K89: 1.42% | L89: 15.15% | M89: 1.75% | O89: Fail Rate | P89: 1.18% | Q89: 1.01% | R89: 0 | S89: 0 | T89: 1.42%
A90: Noise Rate | B90: 1.29% | C90: 0.66% | D90: 0.24% | E90: 4.88% | F90: 0.98% | H90: Noise Rate | I90: =I93/I87 -> 0.0090556274 | J90: 0.19% | K90: 0.31% | L90: 9.09% | M90: 0.73% | O90: Noise Rate | P90: 1.13% | Q90: 0.97% | R90: 0 | S90: 0 | T90: 1.36%
A91: RPM Fail Rate | B91: 0.62% | C91: 0.71% | D91: 0.30% | E91: 1.16% | F91: 0.33% | H91: RPM Fail Rate | I91: =I99/I87 -> 0.013367831 | J91: 1.35% | K91: 0.92% | L91: 6.06% | M91: 1.02% | O91: RPM Fail Rate | P91: 0.05% | Q91: 0.04% | R91: 0.00% | S91: 0.00% | T91: 0.06%
A92: Other Fail Rate | B92: 0.19% | C92: 0.20% | D92: 0.06% | E92: 0.23% | F92: 0.66% | H92: Other Fail Rate | I92: 0.00% | J92: 0.00% | K92: 0.00% | L92: 0.00% | M92: 0.00% | O92: Other Fail Rate | P92: 0.00% | Q92: 0.00% | R92: 0.00% | S92: 0.00% | T92: 0.00%
A93: Noise | B93: 62 | C93: 13 | D93: 4 | E93: 42 | F93: 3 | H93: Noise | I93: =J93+K93+L93+M93 -> 21 | J93: 1 | K93: 3 | L93: 12 | M93: 5 | O93: Noise | P93: 44 | Q93: 22 | R93: 0 | S93: 0 | T93: 22
A94: Only Index1 Fail | B94: 36 | C94: 13 | D94: 4 | E94: 16 | F94: 3 | H94: Only Index1 Fail | I94: 5 | J94: 1 | K94: 3 | L94: 1 | M94: 4 | O94: Only Index1 Fail | P94: 37 | Q94: 18 | R94: 0 | S94: 0 | T94: 19
A95: Only Index2 Fail | B95: 0 | C95: 0 | D95: 0 | E95: 0 | F95: 0 | H95: Only Index2 Fail | I95: 0 | J95: 0 | K95: 0 | L95: 0 | M95: 0 | O95: Only Index2 Fail | P95: 2 | Q95: 2 | R95: 0 | S95: 0 | T95: 0
A96: Only Index3 Fail | B96: 0 | C96: 0 | D96: 0 | E96: 0 | F96: 0 | H96: Only Index3 Fail | I96: 0 | J96: 0 | K96: 0 | L96: 0 | M96: 0 | O96: Only Index3 Fail | P96: 0 | Q96: 0 | R96: 0 | S96: 0 | T96: 0
A97: Multiple Index Fail | B97: 26 | C97: 0 | D97: 0 | E97: 26 | F97: 0 | H97: Multiple Index Fail | I97: 11 | J97: 0 | K97: 0 | L97: 11 | M97: 1 | O97: Multiple Index Fail | P97: 5 | Q97: 2 | R97: 0 | S97: 0 | T97: 3
A98: Spec Fail | B98: 0 | C98: 0 | D98: 0 | E98: 0 | F98: 0 | H98: Spec Fail | I98: 0 | J98: 0 | K98: 0 | L98: 0 | M98: 0 | O98: Spec Fail | P98: 0 | Q98: 0 | R98: 0 | S98: 0 | T98: 0
A99: RPM NG | B99: 30 | C99: 14 | D99: 5 | E99: 10 | F99: 1 | H99: RPM NG | I99: =J99+K99+L99+M99 -> 31 | J99: 7 | K99: 9 | L99: 8 | M99: 7 | O99: RPM NG | P99: 2 | Q99: 1 | R99: 0 | S99: 0 | T99: 1
A100: Out of control | B100: 20 | C100: 10 | D100: 1 | E100: 8 | F100: 1 | H100: Out of control | I100: 1 | J100: 1 | K100: 0 | L100: 0 | M100: 1 | O100: Out of control | P100: 0 | Q100: 0 | R100: 0 | S100: 0 | T100: 0
...

Sheet C209
A1: 46083 | H1: 46113 | O1: 46143
A2: Metric | B2: Total | C2: Station 1 | D2: Station 2 | E2: Station 3 | F2: Station 4 | H2: Metric | I2: Total | J2: Station 1 | K2: Station 2 | L2: Station 3 | M2: Station 4 | O2: Metric | P2: Total | Q2: Station 1 | R2: Station 2 | S2: Station 3 | T2: Station 4
A3: Total Count | B3: 3442 | C3: 964 | D3: 891 | E3: 779 | F3: 808 | H3: Total Count | I3: 6215 | J3: 1650 | K3: 1763 | L3: 1465 | M3: 1337 | O3: Total Count | P3: 4128 | Q3: 1428 | R3: 1274 | S3: 936 | T3: 490
A4: Fail Count | B4: 288 | C4: 91 | D4: 65 | E4: 66 | F4: 66 | H4: Fail Count | I4: 567 | J4: 145 | K4: 160 | L4: 138 | M4: 124 | O4: Fail Count | P4: 168 | Q4: 74 | R4: 59 | S4: 23 | T4: 12
A5: Fail Rate | B5: 8.37% | C5: 9.44% | D5: 7.30% | E5: 8.47% | F5: 8.17% | H5: Fail Rate | I5: 9.12% | J5: 8.79% | K5: 9.08% | L5: 9.42% | M5: 9.27% | O5: Fail Rate | P5: 4.07% | Q5: 5.18% | R5: 4.63% | S5: 2.46% | T5: 2.45%
A6: Noise Rate | B6: 8.19% | C6: 9.23% | D6: 6.96% | E6: 8.34% | F6: 8.17% | H6: Noise Rate | I6: 8.93% | J6: 8.73% | K6: 8.68% | L6: 9.42% | M6: 8.98% | O6: Noise Rate | P6: 2.66% | Q6: 1.47% | R6: 4.40% | S6: 2.24% | T6: 2.45%
A7: RPM Fail Rate | B7: 0.20% | C7: 0.10% | D7: 0.34% | E7: 0.26% | F7: 0.12% | H7: RPM Fail Rate | I7: 0.21% | J7: 0.06% | K7: 0.40% | L7: 0.07% | M7: 0.30% | O7: RPM Fail Rate | P7: 1.55% | Q7: 3.92% | R7: 0.31% | S7: 0.21% | T7: 0.41%
A8: Other Fail Rate | B8: 0.00% | C8: 0.00% | D8: 0.00% | E8: 0.00% | F8: 0.00% | H8: Other Fail Rate | I8: 0.00% | J8: 0.00% | K8: 0.00% | L8: 0.00% | M8: 0.00% | O8: Other Fail Rate | P8: 0.00% | Q8: 0.00% | R8: 0.00% | S8: 0.00% | T8: 0.00%
A9: Noise | B9: 282 | C9: 89 | D9: 62 | E9: 65 | F9: 66 | H9: Noise | I9: 555 | J9: 144 | K9: 153 | L9: 138 | M9: 120 | O9: Noise | P9: 110 | Q9: 21 | R9: 56 | S9: 21 | T9: 12
A10: Only Index1 Fail | B10: 121 | C10: 38 | D10: 33 | E10: 27 | F10: 23 | H10: Only Index1 Fail | I10: 230 | J10: 56 | K10: 61 | L10: 59 | M10: 54 | O10: Only Index1 Fail | P10: 81 | Q10: 17 | R10: 36 | S10: 17 | T10: 11
A11: Only Index2 Fail | B11: 35 | C11: 9 | D11: 8 | E11: 6 | F11: 12 | H11: Only Index2 Fail | I11: 71 | J11: 19 | K11: 23 | L11: 18 | M11: 11 | O11: Only Index2 Fail | P11: 0 | Q11: 0 | R11: 0 | S11: 0 | T11: 0
A12: Only Index3 Fail | B12: 14 | C12: 0 | D12: 3 | E12: 8 | F12: 3 | H12: Only Index3 Fail | I12: 0 | J12: 0 | K12: 0 | L12: 0 | M12: 0 | O12: Only Index3 Fail | P12: 0 | Q12: 0 | R12: 0 | S12: 0 | T12: 0
A13: Multiple Index Fail | B13: 90 | C13: 33 | D13: 13 | E13: 20 | F13: 24 | H13: Multiple Index Fail | I13: 192 | J13: 54 | K13: 52 | L13: 43 | M13: 43 | O13: Multiple Index Fail | P13: 29 | Q13: 4 | R13: 20 | S13: 4 | T13: 1
A14: Spec Fail | B14: 22 | C14: 9 | D14: 5 | E14: 4 | F14: 4 | H14: Spec Fail | I14: 62 | J14: 15 | K14: 17 | L14: 18 | M14: 12 | O14: Spec Fail | P14: 0 | Q14: 0 | R14: 0 | S14: 0 | T14: 0
A15: RPM NG | B15: 7 | C15: 1 | D15: 3 | E15: 2 | F15: 1 | H15: RPM NG | I15: 13 | J15: 1 | K15: 7 | L15: 1 | M15: 4 | O15: RPM NG | P15: 64 | Q15: 56 | R15: 4 | S15: 2 | T15: 2
A16: Out of control | B16: 2 | C16: 1 | D16: 1 | E16: 0 | F16: 0 | H16: Out of control | I16: 8 | J16: 1 | K16: 3 | L16: 0 | M16: 4 | O16: Out of control | P16: 55 | Q16: 54 | R16: 1 | S16: 0 | T16: 0
A17: No rotate | B17: 5 | C17: 0 | D17: 2 | E17: 2 | F17: 1 | H17: No rotate | I17: 5 | J17: 0 | K17: 4 | L17: 1 | M17: 0 | O17: No rotate | P17: 9 | Q17: 2 | R17: 3 | S17: 2 | T17: 2
A18: Others | B18: 0 | C18: 0 | D18: 0 | E18: 0 | F18: 0 | H18: Others | I18: 0 | J18: 0 | K18: 0 | L18: 0 | M18: 0 | O18: Others | P18: 0 | Q18: 0 | R18: 0 | S18: 0 | T18: 0
A19: PauseOrFreeRun | B19: 0 | C19: 0 | D19: 0 | E19: 0 | F19: 0 | H19: PauseOrFreeRun | I19: 0 | J19: 0 | K19: 0 | L19: 0 | M19: 0 | O19: PauseOrFreeRun | P19: 0 | Q19: 0 | R19: 0 | S19: 0 | T19: 0
A20: No Barcode | B20: 0 | C20: 0 | D20: 0 | E20: 0 | F20: 0 | H20: No Barcode | I20: 0 | J20: 0 | K20: 0 | L20: 0 | M20: 0 | O20: No Barcode | P20: 0 | Q20: 0 | R20: 0 | S20: 0 | T20: 0
A21: Model Name | B21: FFB0412UHN-CH68 | H21: Model Name | I21: FFB0412UHN-CH68 | O21: Model Name | P21: FA121A04-P05 C,FA121A04-M02 C
A22: 46084 | H22: 46114 | O22: 46146
A23: Metric | B23: Total | C23: Station 1 | D23: Station 2 | E23: Station 3 | F23: Station 4 | H23: Metric | I23: Total | J23: Station 1 | K23: Station 2 | L23: Station 3 | M23: Station 4 | O23: Metric | P23: Total | Q23: Station 1 | R23: Station 2 | S23: Station 3 | T23: Station 4
A24: Total Count | B24: 5711 | C24: 1508 | D24: 1530 | E24: 1318 | F24: 1355 | H24: Total Count | I24: 7185 | J24: 1856 | K24: 2027 | L24: 1710 | M24: 1592 | O24: Total Count | P24: 1749 | Q24: 675 | R24: 571 | S24: 0 | T24: 503
A25: Fail Count | B25: 689 | C25: 297 | D25: 122 | E25: 135 | F25: 135 | H25: Fail Count | I25: 563 | J25: 155 | K25: 151 | L25: 131 | M25: 126 | O25: Fail Count | P25: 89 | Q25: 38 | R25: 18 | S25: 0 | T25: 33
A26: Fail Rate | B26: 12.06% | C26: 19.69% | D26: 7.97% | E26: 10.24% | F26: 9.96% | H26: Fail Rate | I26: 7.84% | J26: 8.35% | K26: 7.45% | L26: 7.66% | M26: 7.91% | O26: Fail Rate | P26: 5.09% | Q26: 5.63% | R26: 3.15% | S26: 0 | T26: 6.56%
A27: Noise Rate | B27: 11.89% | C27: 19.56% | D27: 7.71% | E27: 10.17% | F27: 9.74% | H27: Noise Rate | I27: 7.77% | J27: 8.24% | K27: 7.30% | L27: 7.66% | M27: 7.91% | O27: Noise Rate | P27: 3.72% | Q27: 3.56% | R27: 1.75% | S27: 0 | T27: 6.16%
A28: RPM Fail Rate | B28: 0.21% | C28: 0.13% | D28: 0.26% | E28: 0.15% | F28: 0.30% | H28: RPM Fail Rate | I28: 0.13% | J28: 0.11% | K28: 0.15% | L28: 0.18% | M28: 0.06% | O28: RPM Fail Rate | P28: 34.65% | Q28: 43.26% | R28: 42.38% | S28: 0.00% | T28: 14.31%
A29: Other Fail Rate | B29: 0.00% | C29: 0.00% | D29: 0.00% | E29: 0.00% | F29: 0.00% | H29: Other Fail Rate | I29: 0.01% | J29: 0.00% | K29: 0.00% | L29: 0.00% | M29: 0.06% | O29: Other Fail Rate | P29: 0.00% | Q29: 0.00% | R29: 0.00% | S29: 0.00% | T29: 0.00%
A30: Noise | B30: 679 | C30: 295 | D30: 118 | E30: 134 | F30: 132 | H30: Noise | I30: 558 | J30: 153 | K30: 148 | L30: 131 | M30: 126 | O30: Noise | P30: 65 | Q30: 24 | R30: 10 | S30: 0 | T30: 31
A31: Only Index1 Fail | B31: 208 | C31: 47 | D31: 56 | E31: 53 | F31: 52 | H31: Only Index1 Fail | I31: 253 | J31: 78 | K31: 59 | L31: 70 | M31: 46 | O31: Only Index1 Fail | P31: 29 | Q31: 7 | R31: 7 | S31: 0 | T31: 15
A32: Only Index2 Fail | B32: 49 | C32: 15 | D32: 17 | E32: 11 | F32: 6 | H32: Only Index2 Fail | I32: 57 | J32: 17 | K32: 17 | L32: 15 | M32: 8 | O32: Only Index2 Fail | P32: 14 | Q32: 7 | R32: 0 | S32: 0 | T32: 7
A33: Only Index3 Fail | B33: 60 | C33: 0 | D33: 7 | E33: 25 | F33: 28 | H33: Only Index3 Fail | I33: 0 | J33: 0 | K33: 0 | L33: 0 | M33: 0 | O33: Only Index3 Fail | P33: 0 | Q33: 0 | R33: 0 | S33: 0 | T33: 0
A34: Multiple Index Fail | B34: 316 | C34: 215 | D34: 30 | E34: 33 | F34: 38 | H34: Multiple Index Fail | I34: 218 | J34: 50 | K34: 69 | L34: 36 | M34: 63 | O34: Multiple Index Fail | P34: 22 | Q34: 10 | R34: 3 | S34: 0 | T34: 9
A35: Spec Fail | B35: 46 | C35: 18 | D35: 8 | E35: 12 | F35: 8 | H35: Spec Fail | I35: 30 | J35: 8 | K35: 3 | L35: 10 | M35: 9 | O35: Spec Fail | P35: 0 | Q35: 0 | R35: 0 | S35: 0 | T35: 0
A36: RPM NG | B36: 12 | C36: 2 | D36: 4 | E36: 2 | F36: 4 | H36: RPM NG | I36: 9 | J36: 2 | K36: 3 | L36: 3 | M36: 1 | O36: RPM NG | P36: 606 | Q36: 292 | R36: 242 | S36: 0 | T36: 72
A37: Out of control | B37: 2 | C37: 0 | D37: 0 | E37: 0 | F37: 2 | H37: Out of control | I37: 0 | J37: 0 | K37: 0 | L37: 0 | M37: 0 | O37: Out of control | P37: 594 | Q37: 291 | R37: 238 | S37: 0 | T37: 65
A38: No rotate | B38: 10 | C38: 2 | D38: 4 | E38: 2 | F38: 2 | H38: No rotate | I38: 9 | J38: 2 | K38: 3 | L38: 3 | M38: 1 | O38: No rotate | P38: 12 | Q38: 1 | R38: 4 | S38: 0 | T38: 7
A39: Others | B39: 0 | C39: 0 | D39: 0 | E39: 0 | F39: 0 | H39: Others | I39: 1 | J39: 0 | K39: 0 | L39: 0 | M39: 1 | O39: Others | P39: 0 | Q39: 0 | R39: 0 | S39: 0 | T39: 0
A40: PauseOrFreeRun | B40: 0 | C40: 0 | D40: 0 | E40: 0 | F40: 0 | H40: PauseOrFreeRun | I40: 0 | J40: 0 | K40: 0 | L40: 0 | M40: 0 | O40: PauseOrFreeRun | P40: 0 | Q40: 0 | R40: 0 | S40: 0 | T40: 0
A41: No Barcode | B41: 0 | C41: 0 | D41: 0 | E41: 0 | F41: 0 | H41: No Barcode | I41: 1 | J41: 0 | K41: 0 | L41: 0 | M41: 1 | O41: No Barcode | P41: 0 | Q41: 0 | R41: 0 | S41: 0 | T41: 0
A42: Model Name | B42: FFB0412UHN-CH68 | H42: Model Name | I42: FFB0412UHN-CH68 | O42: Model Name | P42: FA121A04-P70 C,FA121A04-M02 C,FFB0412UHN-CH68
A43: 46085 | H43: 46115 | O43: 46147
A44: Metric | B44: Total | C44: Station 1 | D44: Station 2 | E44: Station 3 | F44: Station 4 | H44: Metric | I44: Total | J44: Station 1 | K44: Station 2 | L44: Station 3 | M44: Station 4 | O44: Metric | P44: Total | Q44: Station 1 | R44: Station 2 | S44: Station 3 | T44: Station 4
A45: Total Count | B45: 6364 | C45: 1721 | D45: 1702 | E45: 1467 | F45: 1474 | H45: Total Count | I45: =J45+K45+L45+M45 -> 7051 | J45: 1824 | K45: 1955 | L45: 1686 | M45: 1586 | O45: Total Count | P45: 5521 | Q45: 1744 | R45: 812 | S45: 1506 | T45: 1459
A46: Fail Count | B46: 443 | C46: 149 | D46: 95 | E46: 107 | F46: 92 | H46: Fail Count | I46: =J46+K46+L46+M46 -> 429 | J46: 126 | K46: 113 | L46: 91 | M46: 99 | O46: Fail Count | P46: 350 | Q46: 202 | R46: 8 | S46: 67 | T46: 73
A47: Fail Rate | B47: 6.96% | C47: 8.66% | D47: 5.58% | E47: 7.29% | F47: 6.24% | H47: Fail Rate | I47: =I46/I45 -> 0.060842434 | J47: 6.91% | K47: 5.78% | L47: 5.40% | M47: 6.24% | O47: Fail Rate | P47: 6.34% | Q47: 11.58% | R47: 0.99% | S47: 4.45% | T47: 5.00%
A48: Noise Rate | B48: 6.77% | C48: 8.48% | D48: 5.29% | E48: 7.09% | F48: 6.17% | H48: Noise Rate | I48: =I51/I45 -> 0.059849667 | J48: 6.85% | K48: 5.63% | L48: 5.34% | M48: 6.12% | O48: Noise Rate | P48: 3.97% | Q48: 4.30% | R48: 0.62% | S48: 4.38% | T48: 5.00%
A49: RPM Fail Rate | B49: 0.31% | C49: 0.17% | D49: 0.35% | E49: 0.48% | F49: 0.27% | H49: RPM Fail Rate | I49: =I57/I45 -> 0.00085094313 | J49: 0.00% | K49: 0.10% | L49: 0.12% | M49: 0.13% | O49: RPM Fail Rate | P49: 2.45% | Q49: 7.45% | R49: 0.37% | S49: 0.13% | T49: 0.00%
A50: Other Fail Rate | B50: 0.00% | C50: 0.00% | D50: 0.00% | E50: 0.00% | F50: 0.00% | H50: Other Fail Rate | I50: 0.10% | J50: 0.00% | K50: 0.00% | L50: 0.00% | M50: 0.32% | O50: Other Fail Rate | P50: 0.00% | Q50: 0.00% | R50: 0.00% | S50: 0.00% | T50: 0.00%
A51: Noise | B51: 431 | C51: 146 | D51: 90 | E51: 104 | F51: 91 | H51: Noise | I51: =J51+K51+L51+M51 -> 422 | J51: 125 | K51: 110 | L51: 90 | M51: 97 | O51: Noise | P51: 219 | Q51: 75 | R51: 5 | S51: 66 | T51: 73
A52: Only Index1 Fail | B52: 147 | C52: 48 | D52: 42 | E52: 29 | F52: 28 | H52: Only Index1 Fail | I52: 130 | J52: 42 | K52: 55 | L52: 41 | M52: 47 | O52: Only Index1 Fail | P52: 131 | Q52: 46 | R52: 4 | S52: 34 | T52: 47
A53: Only Index2 Fail | B53: 48 | C53: 22 | D53: 11 | E53: 9 | F53: 6 | H53: Only Index2 Fail | I53: 62 | J53: 32 | K53: 16 | L53: 12 | M53: 18 | O53: Only Index2 Fail | P53: 49 | Q53: 15 | R53: 1 | S53: 18 | T53: 15
A54: Only Index3 Fail | B54: 70 | C54: 0 | D54: 10 | E54: 30 | F54: 30 | H54: Only Index3 Fail | I54: 0 | J54: 0 | K54: 0 | L54: 0 | M54: 0 | O54: Only Index3 Fail | P54: 0 | Q54: 0 | R54: 0 | S54: 0 | T54: 0
A55: Multiple Index Fail | B55: 126 | C55: 54 | D55: 23 | E55: 26 | F55: 23 | H55: Multiple Index Fail | I55: 71 | J55: 24 | K55: 32 | L55: 28 | M55: 19 | O55: Multiple Index Fail | P55: 39 | Q55: 14 | R55: 0 | S55: 14 | T55: 11
A56: Spec Fail | B56: 40 | C56: 22 | D56: 4 | E56: 10 | F56: 4 | H56: Spec Fail | I56: 49 | J56: 27 | K56: 7 | L56: 9 | M56: 13 | O56: Spec Fail | P56: 0 | Q56: 0 | R56: 0 | S56: 0 | T56: 0
A57: RPM NG | B57: 20 | C57: 3 | D57: 6 | E57: 7 | F57: 4 | H57: RPM NG | I57: 6 | J57: 0 | K57: 2 | L57: 2 | M57: 2 | O57: RPM NG | P57: 135 | Q57: 130 | R57: 3 | S57: 2 | T57: 0
A58: Out of control | B58: 2 | C58: 0 | D58: 1 | E58: 1 | F58: 0 | H58: Out of control | I58: 4 | J58: 0 | K58: 1 | L58: 1 | M58: 2 | O58: Out of control | P58: 132 | Q58: 130 | R58: 1 | S58: 1 | T58: 0
A59: No rotate | B59: 18 | C59: 3 | D59: 5 | E59: 6 | F59: 4 | H59: No rotate | I59: 2 | J59: 0 | K59: 1 | L59: 1 | M59: 0 | O59: No rotate | P59: 3 | Q59: 0 | R59: 2 | S59: 1 | T59: 0
A60: Others | B60: 0 | C60: 0 | D60: 0 | E60: 0 | F60: 0 | H60: Others | I60: 5 | J60: 0 | K60: 0 | L60: 0 | M60: 5 | O60: Others | P60: 0 | Q60: 0 | R60: 0 | S60: 0 | T60: 0
A61: PauseOrFreeRun | B61: 0 | C61: 0 | D61: 0 | E61: 0 | F61: 0 | H61: PauseOrFreeRun | I61: 0 | J61: 0 | K61: 0 | L61: 0 | M61: 0 | O61: PauseOrFreeRun | P61: 0 | Q61: 0 | R61: 0 | S61: 0 | T61: 0
A62: No Barcode | B62: 0 | C62: 0 | D62: 0 | E62: 0 | F62: 0 | H62: No Barcode | I62: 5 | J62: 0 | K62: 0 | L62: 0 | M62: 5 | O62: No Barcode | P62: 0 | Q62: 0 | R62: 0 | S62: 0 | T62: 0
A63: Model Name | B63: FFB0412UHN-CH68 | H63: Model Name | I63: FFB0412UHN-CH68 | O63: Model Name | P63: FFB0412UHN-CH68
A64: 46086 | H64: 46116 | O64: 46148
A65: Metric | B65: Total | C65: Station 1 | D65: Station 2 | E65: Station 3 | F65: Station 4 | H65: Metric | I65: Total | J65: Station 1 | K65: Station 2 | L65: Station 3 | M65: Station 4 | O65: Metric | P65: Total | Q65: Station 1 | R65: Station 2 | S65: Station 3 | T65: Station 4
A66: Total Count | B66: 5783 | C66: 1608 | D66: 1531 | E66: 1357 | F66: 1287 | H66: Total Count | I66: =J66+K66+L66+M66 -> 5911 | J66: 1561 | K66: 1617 | L66: 1379 | M66: 1354 | O66: Total Count | P66: 6969 | Q66: 1982 | R66: 1841 | S66: 1557 | T66: 1589
A67: Fail Count | B67: 463 | C67: 175 | D67: 79 | E67: 98 | F67: 111 | H67: Fail Count | I67: =J67+K67+L67+M67 -> 372 | J67: 115 | K67: 88 | L67: 84 | M67: 85 | O67: Fail Count | P67: 558 | Q67: 382 | R67: 32 | S67: 81 | T67: 63
A68: Fail Rate | B68: 8.01% | C68: 10.88% | D68: 5.16% | E68: 7.22% | F68: 8.62% | H68: Fail Rate | I68: =I67/I66 -> 0.062933514 | J68: 7.37% | K68: 5.44% | L68: 6.09% | M68: 6.28% | O68: Fail Rate | P68: 8.01% | Q68: 19.27% | R68: 1.74% | S68: 5.20% | T68: 3.96%
A69: Noise Rate | B69: 7.83% | C69: 10.45% | D69: 4.96% | E69: 7.22% | F69: 8.62% | H69: Noise Rate | I69: =I72/I66 -> 0.057519878 | J69: 6.47% | K69: 4.70% | L69: 5.87% | M69: 6.06% | O69: Noise Rate | P69: 3.24% | Q69: 2.98% | R69: 1.52% | S69: 4.95% | T69: 3.90%
A70: RPM Fail Rate | B70: 0.26% | C70: 0.44% | D70: 0.20% | E70: 0.15% | F70: 0.23% | H70: RPM Fail Rate | I70: =I78/I66 -> 0.0065978684 | J70: 0.77% | K70: 0.62% | L70: 0.51% | M70: 0.74% | O70: RPM Fail Rate | P70: 4.82% | Q70: 16.30% | R70: 0.22% | S70: 0.32% | T70: 0.25%
A71: Other Fail Rate | B71: 0.02% | C71: 0.06% | D71: 0.00% | E71: 0.00% | F71: 0.00% | H71: Other Fail Rate | I71: 0.07% | J71: 0.00% | K71: 0.00% | L71: 0.00% | M71: 0.22% | O71: Other Fail Rate | P71: 0.00% | Q71: 0.00% | R71: 0.00% | S71: 0.00% | T71: 0.00%
A72: Noise | B72: 453 | C72: 168 | D72: 76 | E72: 98 | F72: 111 | H72: Noise | I72: =J72+K72+L72+M72 -> 340 | J72: 101 | K72: 76 | L72: 81 | M72: 82 | O72: Noise | P72: 226 | Q72: 59 | R72: 28 | S72: 77 | T72: 62
A73: Only Index1 Fail | B73: 148 | C73: 52 | D73: 27 | E73: 35 | F73: 34 | H73: Only Index1 Fail | I73: 108 | J73: 41 | K73: 34 | L73: 32 | M73: 35 | O73: Only Index1 Fail | P73: 127 | Q73: 30 | R73: 20 | S73: 40 | T73: 37
A74: Only Index2 Fail | B74: 45 | C74: 16 | D74: 12 | E74: 8 | F74: 9 | H74: Only Index2 Fail | I74: 49 | J74: 19 | K74: 16 | L74: 17 | M74: 13 | O74: Only Index2 Fail | P74: 59 | Q74: 22 | R74: 6 | S74: 15 | T74: 16
A75: Only Index3 Fail | B75: 56 | C75: 0 | D75: 5 | E75: 21 | F75: 30 | H75: Only Index3 Fail | I75: 0 | J75: 0 | K75: 0 | L75: 0 | M75: 0 | O75: Only Index3 Fail | P75: 0 | Q75: 0 | R75: 0 | S75: 0 | T75: 0
A76: Multiple Index Fail | B76: 150 | C76: 72 | D76: 23 | E76: 28 | F76: 27 | H76: Multiple Index Fail | I76: 83 | J76: 34 | K76: 22 | L76: 24 | M76: 25 | O76: Multiple Index Fail | P76: 40 | Q76: 7 | R76: 2 | S76: 22 | T76: 9
A77: Spec Fail | B77: 54 | C77: 28 | D77: 9 | E77: 6 | F77: 11 | H77: Spec Fail | I77: 24 | J77: 7 | K77: 4 | L77: 8 | M77: 9 | O77: Spec Fail | P77: 0 | Q77: 0 | R77: 0 | S77: 0 | T77: 0
A78: RPM NG | B78: 15 | C78: 7 | D78: 3 | E78: 2 | F78: 3 | H78: RPM NG | I78: 39 | J78: 12 | K78: 10 | L78: 7 | M78: 10 | O78: RPM NG | P78: 336 | Q78: 323 | R78: 4 | S78: 5 | T78: 4
A79: Out of control | B79: 1 | C79: 1 | D79: 0 | E79: 0 | F79: 0 | H79: Out of control | I79: 5 | J79: 2 | K79: 0 | L79: 2 | M79: 1 | O79: Out of control | P79: 321 | Q79: 318 | R79: 1 | S79: 1 | T79: 1
A80: No rotate | B80: 14 | C80: 6 | D80: 3 | E80: 2 | F80: 3 | H80: No rotate | I80: 34 | J80: 10 | K80: 10 | L80: 5 | M80: 9 | O80: No rotate | P80: 15 | Q80: 5 | R80: 3 | S80: 4 | T80: 3
A81: Others | B81: 1 | C81: 1 | D81: 0 | E81: 0 | F81: 0 | H81: Others | I81: 3 | J81: 0 | K81: 0 | L81: 0 | M81: 3 | O81: Others | P81: 0 | Q81: 0 | R81: 0 | S81: 0 | T81: 0
A82: PauseOrFreeRun | B82: 1 | C82: 1 | D82: 0 | E82: 0 | F82: 0 | H82: PauseOrFreeRun | I82: 0 | J82: 0 | K82: 0 | L82: 0 | M82: 0 | O82: PauseOrFreeRun | P82: 0 | Q82: 0 | R82: 0 | S82: 0 | T82: 0
A83: No Barcode | B83: 0 | C83: 0 | D83: 0 | E83: 0 | F83: 0 | H83: No Barcode | I83: 3 | J83: 0 | K83: 0 | L83: 0 | M83: 3 | O83: No Barcode | P83: 0 | Q83: 0 | R83: 0 | S83: 0 | T83: 0
A84: Model Name | B84: FFB0412UHN-CH68 | H84: Model Name | I84: FFB0412UHN-CH68 | O84: Model Name | P84: FFB0412UHN-CH68
A85: 46087 | H85: 46118 | O85: 46149
A86: Metric | B86: Total | C86: Station 1 | D86: Station 2 | E86: Station 3 | F86: Station 4 | H86: Metric | I86: Total | J86: Station 1 | K86: Station 2 | L86: Station 3 | M86: Station 4 | O86: Metric | P86: Total | Q86: Station 1 | R86: Station 2 | S86: Station 3 | T86: Station 4
A87: Total Count | B87: 6156 | C87: 1682 | D87: 1628 | E87: 1411 | F87: 1435 | H87: Total Count | I87: 3662 | J87: 983 | K87: 1005 | L87: 831 | M87: 843 | O87: Total Count | P87: 7029 | Q87: 2056 | R87: 1876 | S87: 1613 | T87: 1484
A88: Fail Count | B88: 407 | C88: 102 | D88: 98 | E88: 102 | F88: 105 | H88: Fail Count | I88: 359 | J88: 106 | K88: 100 | L88: 68 | M88: 85 | O88: Fail Count | P88: 480 | Q88: 297 | R88: 38 | S88: 85 | T88: 60
A89: Fail Rate | B89: 6.61% | C89: 6.06% | D89: 6.02% | E89: 7.23% | F89: 7.32% | H89: Fail Rate | I89: 9.80% | J89: 10.78% | K89: 9.95% | L89: 8.18% | M89: 10.08% | O89: Fail Rate | P89: 6.83% | Q89: 14.45% | R89: 2.03% | S89: 5.27% | T89: 4.04%
A90: Noise Rate | B90: 6.56% | C90: 6.00% | D90: 5.96% | E90: 7.16% | F90: 7.32% | H90: Noise Rate | I90: 8.19% | J90: 8.65% | K90: 7.66% | L90: 7.58% | M90: 8.90% | O90: Noise Rate | P90: 3.91% | Q90: 4.57% | R90: 2.03% | S90: 5.15% | T90: 4.04%
A91: RPM Fail Rate | B91: 0.08% | C91: 0.06% | D91: 0.06% | E91: 0.14% | F91: 0.07% | H91: RPM Fail Rate | I91: 1.97% | J91: 1.73% | K91: 2.29% | L91: 1.08% | M91: 2.73% | O91: RPM Fail Rate | P91: 3.02% | Q91: 10.12% | R91: 0.00% | S91: 0.12% | T91: 0.13%
A92: Other Fail Rate | B92: 0.00% | C92: 0.00% | D92: 0.00% | E92: 0.00% | F92: 0.00% | H92: Other Fail Rate | I92: 0.00% | J92: 0.00% | K92: 0.00% | L92: 0.00% | M92: 0.00% | O92: Other Fail Rate | P92: 0.00% | Q92: 0.00% | R92: 0.00% | S92: 0.00% | T92: 0.00%
A93: Noise | B93: 404 | C93: 101 | D93: 97 | E93: 101 | F93: 105 | H93: Noise | I93: 300 | J93: 85 | K93: 77 | L93: 63 | M93: 75 | O93: Noise | P93: 275 | Q93: 94 | R93: 38 | S93: 83 | T93: 60
A94: Only Index1 Fail | B94: 163 | C94: 51 | D94: 46 | E94: 35 | F94: 31 | H94: Only Index1 Fail | I94: 133 | J94: 37 | K94: 35 | L94: 29 | M94: 32 | O94: Only Index1 Fail | P94: 153 | Q94: 62 | R94: 18 | S94: 46 | T94: 27
A95: Only Index2 Fail | B95: 45 | C95: 15 | D95: 14 | E95: 4 | F95: 12 | H95: Only Index2 Fail | I95: 36 | J95: 12 | K95: 10 | L95: 7 | M95: 7 | O95: Only Index2 Fail | P95: 70 | Q95: 20 | R95: 9 | S95: 23 | T95: 18
A96: Only Index3 Fail | B96: 58 | C96: 0 | D96: 10 | E96: 22 | F96: 26 | H96: Only Index3 Fail | I96: 0 | J96: 0 | K96: 0 | L96: 0 | M96: 0 | O96: Only Index3 Fail | P96: 0 | Q96: 0 | R96: 0 | S96: 0 | T96: 0
A97: Multiple Index Fail | B97: 98 | C97: 22 | D97: 20 | E97: 28 | F97: 28 | H97: Multiple Index Fail | I97: 101 | J97: 33 | K97: 31 | L97: 16 | M97: 21 | O97: Multiple Index Fail | P97: 52 | Q97: 12 | R97: 11 | S97: 14 | T97: 15
A98: Spec Fail | B98: 40 | C98: 13 | D98: 7 | E98: 12 | F98: 8 | H98: Spec Fail | I98: 30 | J98: 3 | K98: 1 | L98: 11 | M98: 15 | O98: Spec Fail | P98: 0 | Q98: 0 | R98: 0 | S98: 0 | T98: 0
A99: RPM NG | B99: 5 | C99: 1 | D99: 1 | E99: 2 | F99: 1 | H99: RPM NG | I99: 72 | J99: 17 | K99: 23 | L99: 9 | M99: 23 | O99: RPM NG | P99: 212 | Q99: 208 | R99: 0 | S99: 2 | T99: 2
A100: Out of control | B100: 0 | C100: 0 | D100: 0 | E100: 0 | F100: 0 | H100: Out of control | I100: 6 | J100: 1 | K100: 1 | L100: 1 | M100: 3 | O100: Out of control | P100: 207 | Q100: 206 | R100: 0 | S100: 1 | T100: 0
...

Sheet C214
A1: 46083 | H1: 46113 | O1: 46143
A2: Metric | B2: Total | C2: Station 1 | D2: Station 2 | E2: Station 3 | F2: Station 4 | H2: Metric | I2: Total | J2: Station 1 | K2: Station 2 | L2: Station 3 | M2: Station 4 | O2: Metric | P2: Total | Q2: Station 1 | R2: Station 2 | S2: Station 3 | T2: Station 4
A3: Total Count | B3: 1882 | C3: 316 | D3: 768 | E3: 0 | F3: 798 | H3: Total Count | I3: 5582 | J3: 1826 | K3: 1896 | L3: 0 | M3: 1860 | O3: Total Count | P3: 6916 | Q3: 2381 | R3: 1954 | S3: 1494 | T3: 1087
A4: Fail Count | B4: 346 | C4: 91 | D4: 155 | E4: 0 | F4: 100 | H4: Fail Count | I4: 424 | J4: 122 | K4: 143 | L4: 0 | M4: 159 | O4: Fail Count | P4: 621 | Q4: 107 | R4: 232 | S4: 138 | T4: 144
A5: Fail Rate | B5: 18.38% | C5: 28.80% | D5: 20.18% | E5: 0 | F5: 12.53% | H5: Fail Rate | I5: 7.60% | J5: 6.68% | K5: 7.54% | L5: 0 | M5: 8.55% | O5: Fail Rate | P5: 8.98% | Q5: 4.49% | R5: 11.87% | S5: 9.24% | T5: 13.25%
A6: Noise Rate | B6: 7.01% | C6: 11.39% | D6: 9.11% | E6: 0 | F6: 3.26% | H6: Noise Rate | I6: 4.03% | J6: 2.57% | K6: 4.17% | L6: 0 | M6: 5.32% | O6: Noise Rate | P6: 3.82% | Q6: 0.00% | R6: 6.40% | S6: 4.42% | T6: 6.72%
A7: RPM Fail Rate | B7: 12.65% | C7: 17.41% | D7: 13.15% | E7: 0.00% | F7: 10.28% | H7: RPM Fail Rate | I7: 3.58% | J7: 4.16% | K7: 3.38% | L7: 0.00% | M7: 3.23% | O7: RPM Fail Rate | P7: 4.93% | Q7: 4.45% | R7: 5.42% | S7: 4.82% | T7: 5.24%
A8: Other Fail Rate | B8: 2.71% | C8: 16.14% | D8: 0.00% | E8: 0.00% | F8: 0.00% | H8: Other Fail Rate | I8: 0.02% | J8: 0.05% | K8: 0.00% | L8: 0.00% | M8: 0.00% | O8: Other Fail Rate | P8: 0.01% | Q8: 0.04% | R8: 0.00% | S8: 0.00% | T8: 0.00%
A9: Noise | B9: 132 | C9: 36 | D9: 70 | E9: 0 | F9: 26 | H9: Noise | I9: 225 | J9: 47 | K9: 79 | L9: 0 | M9: 99 | O9: Noise | P9: 264 | Q9: 0 | R9: 125 | S9: 66 | T9: 73
A10: Only Index1 Fail | B10: 117 | C10: 23 | D10: 69 | E10: 0 | F10: 25 | H10: Only Index1 Fail | I10: 153 | J10: 32 | K10: 79 | L10: 0 | M10: 42 | O10: Only Index1 Fail | P10: 241 | Q10: 0 | R10: 111 | S10: 62 | T10: 68
A11: Only Index2 Fail | B11: 0 | C11: 0 | D11: 0 | E11: 0 | F11: 0 | H11: Only Index2 Fail | I11: 19 | J11: 0 | K11: 0 | L11: 0 | M11: 19 | O11: Only Index2 Fail | P11: 0 | Q11: 0 | R11: 0 | S11: 0 | T11: 0
A12: Only Index3 Fail | B12: 0 | C12: 0 | D12: 0 | E12: 0 | F12: 0 | H12: Only Index3 Fail | I12: 0 | J12: 0 | K12: 0 | L12: 0 | M12: 0 | O12: Only Index3 Fail | P12: 0 | Q12: 0 | R12: 0 | S12: 0 | T12: 0
A13: Multiple Index Fail | B13: 15 | C13: 13 | D13: 1 | E13: 0 | F13: 1 | H13: Multiple Index Fail | I13: 53 | J13: 15 | K13: 0 | L13: 0 | M13: 38 | O13: Multiple Index Fail | P13: 23 | Q13: 0 | R13: 14 | S13: 4 | T13: 5
A14: Spec Fail | B14: 0 | C14: 0 | D14: 0 | E14: 0 | F14: 0 | H14: Spec Fail | I14: 0 | J14: 0 | K14: 0 | L14: 0 | M14: 0 | O14: Spec Fail | P14: 0 | Q14: 0 | R14: 0 | S14: 0 | T14: 0
A15: RPM NG | B15: 238 | C15: 55 | D15: 101 | E15: 0 | F15: 82 | H15: RPM NG | I15: 200 | J15: 76 | K15: 64 | L15: 0 | M15: 60 | O15: RPM NG | P15: 341 | Q15: 106 | R15: 106 | S15: 72 | T15: 57
A16: Out of control | B16: 42 | C16: 8 | D16: 18 | E16: 0 | F16: 16 | H16: Out of control | I16: 2 | J16: 1 | K16: 1 | L16: 0 | M16: 0 | O16: Out of control | P16: 62 | Q16: 19 | R16: 19 | S16: 11 | T16: 13
A17: No rotate | B17: 196 | C17: 47 | D17: 83 | E17: 0 | F17: 66 | H17: No rotate | I17: 198 | J17: 75 | K17: 63 | L17: 0 | M17: 60 | O17: No rotate | P17: 279 | Q17: 87 | R17: 87 | S17: 61 | T17: 44
A18: Others | B18: 51 | C18: 51 | D18: 0 | E18: 0 | F18: 0 | H18: Others | I18: 1 | J18: 1 | K18: 0 | L18: 0 | M18: 0 | O18: Others | P18: 1 | Q18: 1 | R18: 0 | S18: 0 | T18: 0
A19: PauseOrFreeRun | B19: 0 | C19: 0 | D19: 0 | E19: 0 | F19: 0 | H19: PauseOrFreeRun | I19: 0 | J19: 0 | K19: 0 | L19: 0 | M19: 0 | O19: PauseOrFreeRun | P19: 0 | Q19: 0 | R19: 0 | S19: 0 | T19: 0
A20: No Barcode | B20: 51 | C20: 51 | D20: 0 | E20: 0 | F20: 0 | H20: No Barcode | I20: 1 | J20: 1 | K20: 0 | L20: 0 | M20: 0 | O20: No Barcode | P20: 1 | Q20: 1 | R20: 0 | S20: 0 | T20: 0
A21: Model Name | B21: 36204AGJ11 | H21: Model Name | I21: 36204A7911 | O21: Model Name | P21: 36204C1211,36204AY811
A22: 46084 | H22: 46114 | O22: 46146
A23: Metric | B23: Total | C23: Station 1 | D23: Station 2 | E23: Station 3 | F23: Station 4 | H23: Metric | I23: Total | J23: Station 1 | K23: Station 2 | L23: Station 3 | M23: Station 4 | O23: Metric | P23: Total | Q23: Station 1 | R23: Station 2 | S23: Station 3 | T23: Station 4
A24: Total Count | B24: 1715 | C24: 569 | D24: 551 | E24: 0 | F24: 595 | H24: Total Count | I24: 6305 | J24: 2088 | K24: 2151 | L24: 0 | M24: 2066 | O24: Total Count | P24: 3010 | Q24: 999 | R24: 821 | S24: 642 | T24: 548
A25: Fail Count | B25: 66 | C25: 15 | D25: 24 | E25: 0 | F25: 27 | H25: Fail Count | I25: 446 | J25: 129 | K25: 153 | L25: 0 | M25: 164 | O25: Fail Count | P25: 140 | Q25: 3 | R25: 62 | S25: 32 | T25: 43
A26: Fail Rate | B26: 3.85% | C26: 2.64% | D26: 4.36% | E26: 0 | F26: 4.54% | H26: Fail Rate | I26: 7.07% | J26: 6.18% | K26: 7.11% | L26: 0 | M26: 7.94% | O26: Fail Rate | P26: 4.65% | Q26: 0.30% | R26: 7.55% | S26: 4.98% | T26: 7.85%
A27: Noise Rate | B27: 0.17% | C27: 0.18% | D27: 0.00% | E27: 0 | F27: 0.34% | H27: Noise Rate | I27: 3.70% | J27: 2.83% | K27: 3.81% | L27: 0 | M27: 4.45% | O27: Noise Rate | P27: 4.25% | Q27: 0.00% | R27: 6.94% | S27: 4.52% | T27: 7.66%
A28: RPM Fail Rate | B28: 9.21% | C28: 6.68% | D28: 10.16% | E28: 0.00% | F28: 10.76% | H28: RPM Fail Rate | I28: 3.38% | J28: 3.35% | K28: 3.30% | L28: 0.00% | M28: 3.48% | O28: RPM Fail Rate | P28: 0.30% | Q28: 0.10% | R28: 0.49% | S28: 0.47% | T28: 0.18%
A29: Other Fail Rate | B29: 3.56% | C29: 10.72% | D29: 0.00% | E29: 0.00% | F29: 0.00% | H29: Other Fail Rate | I29: 0.06% | J29: 0.19% | K29: 0.00% | L29: 0.00% | M29: 0.00% | O29: Other Fail Rate | P29: 0.00% | Q29: 0.00% | R29: 0.00% | S29: 0.00% | T29: 0.00%
A30: Noise | B30: 3 | C30: 1 | D30: 0 | E30: 0 | F30: 2 | H30: Noise | I30: 233 | J30: 59 | K30: 82 | L30: 0 | M30: 92 | O30: Noise | P30: 128 | Q30: 0 | R30: 57 | S30: 29 | T30: 42
A31: Only Index1 Fail | B31: 3 | C31: 1 | D31: 0 | E31: 0 | F31: 2 | H31: Only Index1 Fail | I31: 166 | J31: 39 | K31: 81 | L31: 0 | M31: 46 | O31: Only Index1 Fail | P31: 118 | Q31: 0 | R31: 52 | S31: 29 | T31: 37
A32: Only Index2 Fail | B32: 0 | C32: 0 | D32: 0 | E32: 0 | F32: 0 | H32: Only Index2 Fail | I32: 9 | J32: 1 | K32: 0 | L32: 0 | M32: 8 | O32: Only Index2 Fail | P32: 0 | Q32: 0 | R32: 0 | S32: 0 | T32: 0
A33: Only Index3 Fail | B33: 0 | C33: 0 | D33: 0 | E33: 0 | F33: 0 | H33: Only Index3 Fail | I33: 0 | J33: 0 | K33: 0 | L33: 0 | M33: 0 | O33: Only Index3 Fail | P33: 0 | Q33: 0 | R33: 0 | S33: 0 | T33: 0
A34: Multiple Index Fail | B34: 0 | C34: 0 | D34: 0 | E34: 0 | F34: 0 | H34: Multiple Index Fail | I34: 58 | J34: 19 | K34: 1 | L34: 0 | M34: 38 | O34: Multiple Index Fail | P34: 10 | Q34: 0 | R34: 5 | S34: 0 | T34: 5
A35: Spec Fail | B35: 0 | C35: 0 | D35: 0 | E35: 0 | F35: 0 | H35: Spec Fail | I35: 0 | J35: 0 | K35: 0 | L35: 0 | M35: 0 | O35: Spec Fail | P35: 0 | Q35: 0 | R35: 0 | S35: 0 | T35: 0
A36: RPM NG | B36: 158 | C36: 38 | D36: 56 | E36: 0 | F36: 64 | H36: RPM NG | I36: 213 | J36: 70 | K36: 71 | L36: 0 | M36: 72 | O36: RPM NG | P36: 9 | Q36: 1 | R36: 4 | S36: 3 | T36: 1
A37: Out of control | B37: 16 | C37: 3 | D37: 6 | E37: 0 | F37: 7 | H37: Out of control | I37: 0 | J37: 0 | K37: 0 | L37: 0 | M37: 0 | O37: Out of control | P37: 0 | Q37: 0 | R37: 0 | S37: 0 | T37: 0
A38: No rotate | B38: 142 | C38: 35 | D38: 50 | E38: 0 | F38: 57 | H38: No rotate | I38: 213 | J38: 70 | K38: 71 | L38: 0 | M38: 72 | O38: No rotate | P38: 9 | Q38: 1 | R38: 4 | S38: 3 | T38: 1
A39: Others | B39: 61 | C39: 61 | D39: 0 | E39: 0 | F39: 0 | H39: Others | I39: 4 | J39: 4 | K39: 0 | L39: 0 | M39: 0 | O39: Others | P39: 0 | Q39: 0 | R39: 0 | S39: 0 | T39: 0
A40: PauseOrFreeRun | B40: 0 | C40: 0 | D40: 0 | E40: 0 | F40: 0 | H40: PauseOrFreeRun | I40: 0 | J40: 0 | K40: 0 | L40: 0 | M40: 0 | O40: PauseOrFreeRun | P40: 0 | Q40: 0 | R40: 0 | S40: 0 | T40: 0
A41: No Barcode | B41: 61 | C41: 61 | D41: 0 | E41: 0 | F41: 0 | H41: No Barcode | I41: 4 | J41: 4 | K41: 0 | L41: 0 | M41: 0 | O41: No Barcode | P41: 0 | Q41: 0 | R41: 0 | S41: 0 | T41: 0
A42: Model Name | B42: 36204AGJ11 | H42: Model Name | I42: 36204A7911 | O42: Model Name | P42: 36204AY811,36204AGV11
A43: 46085 | H43: Line_214 | O43: 46147
A44: Metric | B44: Total | C44: Station 1 | D44: Station 2 | E44: Station 3 | F44: Station 4 | H44: Metric | I44: Total | J44: Station 1 | K44: Station 2 | L44: Station 3 | M44: Station 4 | O44: Metric | P44: Total | Q44: Station 1 | R44: Station 2 | S44: Station 3 | T44: Station 4
A45: Total Count | B45: 2676 | C45: 947 | D45: 793 | E45: 0 | F45: 936 | H45: Total Count | I45: 3196 | J45: 848 | K45: 1204 | L45: 0 | M45: 1144 | O45: Total Count | P45: 5750 | Q45: 1942 | R45: 1468 | S45: 1232 | T45: 1108
A46: Fail Count | B46: 229 | C46: 93 | D46: 58 | E46: 0 | F46: 78 | H46: Fail Count | I46: 170 | J46: 39 | K46: 73 | L46: 0 | M46: 58 | O46: Fail Count | P46: 283 | Q46: 23 | R46: 105 | S46: 71 | T46: 84
A47: Fail Rate | B47: 8.56% | C47: 9.82% | D47: 7.31% | E47: 0 | F47: 8.33% | H47: Fail Rate | I47: 5.32% | J47: 4.60% | K47: 6.06% | L47: 0 | M47: 5.07% | O47: Fail Rate | P47: 4.92% | Q47: 1.18% | R47: 7.15% | S47: 5.76% | T47: 7.58%
A48: Noise Rate | B48: 0.60% | C48: 0.74% | D48: 0.38% | E48: 0 | F48: 0.64% | H48: Noise Rate | I48: 2.91% | J48: 2.12% | K48: 3.49% | L48: 0 | M48: 2.88% | O48: Noise Rate | P48: 3.83% | Q48: 0.00% | R48: 6.06% | S48: 4.63% | T48: 6.68%
A49: RPM Fail Rate | B49: 7.96% | C49: 9.08% | D49: 6.94% | E49: 0.00% | F49: 7.69% | H49: RPM Fail Rate | I49: 2.41% | J49: 2.48% | K49: 2.57% | L49: 0.00% | M49: 2.19% | O49: RPM Fail Rate | P49: 1.10% | Q49: 1.18% | R49: 1.09% | S49: 1.14% | T49: 0.90%
A50: Other Fail Rate | B50: 4.97% | C50: 14.04% | D50: 0.00% | E50: 0.00% | F50: 0.00% | H50: Other Fail Rate | I50: 0.09% | J50: 0.35% | K50: 0.00% | L50: 0.00% | M50: 0.00% | O50: Other Fail Rate | P50: 0.00% | Q50: 0.00% | R50: 0.00% | S50: 0.00% | T50: 0.00%
A51: Noise | B51: 16 | C51: 7 | D51: 3 | E51: 0 | F51: 6 | H51: Noise | I51: 93 | J51: 18 | K51: 42 | L51: 0 | M51: 33 | O51: Noise | P51: 220 | Q51: 0 | R51: 89 | S51: 57 | T51: 74
A52: Only Index1 Fail | B52: 13 | C52: 5 | D52: 2 | E52: 0 | F52: 6 | H52: Only Index1 Fail | I52: 62 | J52: 10 | K52: 36 | L52: 0 | M52: 16 | O52: Only Index1 Fail | P52: 209 | Q52: 0 | R52: 85 | S52: 53 | T52: 71
A53: Only Index2 Fail | B53: 0 | C53: 0 | D53: 0 | E53: 0 | F53: 0 | H53: Only Index2 Fail | I53: 7 | J53: 0 | K53: 1 | L53: 0 | M53: 6 | O53: Only Index2 Fail | P53: 0 | Q53: 0 | R53: 0 | S53: 0 | T53: 0
A54: Only Index3 Fail | B54: 0 | C54: 0 | D54: 0 | E54: 0 | F54: 0 | H54: Only Index3 Fail | I54: 0 | J54: 0 | K54: 0 | L54: 0 | M54: 0 | O54: Only Index3 Fail | P54: 0 | Q54: 0 | R54: 0 | S54: 0 | T54: 0
A55: Multiple Index Fail | B55: 3 | C55: 2 | D55: 1 | E55: 0 | F55: 0 | H55: Multiple Index Fail | I55: 24 | J55: 8 | K55: 5 | L55: 0 | M55: 11 | O55: Multiple Index Fail | P55: 11 | Q55: 0 | R55: 4 | S55: 4 | T55: 3
A56: Spec Fail | B56: 0 | C56: 0 | D56: 0 | E56: 0 | F56: 0 | H56: Spec Fail | I56: 0 | J56: 0 | K56: 0 | L56: 0 | M56: 0 | O56: Spec Fail | P56: 0 | Q56: 0 | R56: 0 | S56: 0 | T56: 0
A57: RPM NG | B57: 213 | C57: 86 | D57: 55 | E57: 0 | F57: 72 | H57: RPM NG | I57: 77 | J57: 21 | K57: 31 | L57: 0 | M57: 25 | O57: RPM NG | P57: 63 | Q57: 23 | R57: 16 | S57: 14 | T57: 10
A58: Out of control | B58: 4 | C58: 2 | D58: 0 | E58: 0 | F58: 2 | H58: Out of control | I58: 0 | J58: 0 | K58: 0 | L58: 0 | M58: 0 | O58: Out of control | P58: 5 | Q58: 2 | R58: 1 | S58: 2 | T58: 0
A59: No rotate | B59: 209 | C59: 84 | D59: 55 | E59: 0 | F59: 70 | H59: No rotate | I59: 77 | J59: 21 | K59: 31 | L59: 0 | M59: 25 | O59: No rotate | P59: 58 | Q59: 21 | R59: 15 | S59: 12 | T59: 10
A60: Others | B60: 133 | C60: 133 | D60: 0 | E60: 0 | F60: 0 | H60: Others | I60: 3 | J60: 3 | K60: 0 | L60: 0 | M60: 0 | O60: Others | P60: 0 | Q60: 0 | R60: 0 | S60: 0 | T60: 0
A61: PauseOrFreeRun | B61: 0 | C61: 0 | D61: 0 | E61: 0 | F61: 0 | H61: PauseOrFreeRun | I61: 0 | J61: 0 | K61: 0 | L61: 0 | M61: 0 | O61: PauseOrFreeRun | P61: 0 | Q61: 0 | R61: 0 | S61: 0 | T61: 0
A62: No Barcode | B62: 133 | C62: 133 | D62: 0 | E62: 0 | F62: 0 | H62: No Barcode | I62: 3 | J62: 3 | K62: 0 | L62: 0 | M62: 0 | O62: No Barcode | P62: 0 | Q62: 0 | R62: 0 | S62: 0 | T62: 0
A63: Model Name | B63: 36204AGJ11,FFB0412VN-00VFE | H63: Model Name | I63: 36204A7911 | O63: Model Name | P63: 36204AGV11
A64: 46086 | H64: 46116 | O64: 46148
A65: Metric | B65: Total | C65: Station 1 | D65: Station 2 | E65: Station 3 | F65: Station 4 | H65: Metric | I65: Total | J65: Station 1 | K65: Station 2 | L65: Station 3 | M65: Station 4 | O65: Metric | P65: Total | Q65: Station 1 | R65: Station 2 | S65: Station 3 | T65: Station 4
A66: Total Count | B66: 3270 | C66: 139 | D66: 1043 | E66: 1001 | F66: 1087 | H66: Total Count | I66: 4638 | J66: 1754 | K66: 1541 | L66: 0 | M66: 1343 | O66: Total Count | P66: 6786 | Q66: 2244 | R66: 1864 | S66: 1115 | T66: 1563
A67: Fail Count | B67: 459 | C67: 17 | D67: 98 | E67: 246 | F67: 98 | H67: Fail Count | I67: 628 | J67: 146 | K67: 251 | L67: 0 | M67: 231 | O67: Fail Count | P67: 318 | Q67: 34 | R67: 124 | S67: 54 | T67: 106
A68: Fail Rate | B68: 14.04% | C68: 12.23% | D68: 9.40% | E68: 24.58% | F68: 9.02% | H68: Fail Rate | I68: 13.54% | J68: 8.32% | K68: 16.29% | L68: 0 | M68: 17.20% | O68: Fail Rate | P68: 4.69% | Q68: 1.52% | R68: 6.65% | S68: 4.84% | T68: 6.78%
A69: Noise Rate | B69: 3.21% | C69: 3.60% | D69: 0.29% | E69: 8.69% | F69: 0.92% | H69: Noise Rate | I69: 6.04% | J69: 0.46% | K69: 8.83% | L69: 0 | M69: 10.13% | O69: Noise Rate | P69: 3.39% | Q69: 0.00% | R69: 5.58% | S69: 3.68% | T69: 5.44%
A70: RPM Fail Rate | B70: 10.00% | C70: 8.63% | D70: 9.11% | E70: 13.19% | F70: 8.10% | H70: RPM Fail Rate | I70: 7.20% | J70: 7.75% | K70: 7.27% | L70: 0.00% | M70: 6.40% | O70: RPM Fail Rate | P70: 1.27% | Q70: 1.47% | R70: 1.07% | S70: 1.17% | T70: 1.28%
A71: Other Fail Rate | B71: 0.80% | C71: 17.27% | D71: 0.00% | E71: 0.00% | F71: 0.18% | H71: Other Fail Rate | I71: 0.13% | J71: 0.34% | K71: 0.00% | L71: 0.00% | M71: 0.00% | O71: Other Fail Rate | P71: 0.03% | Q71: 0.04% | R71: 0.00% | S71: 0.09% | T71: 0.00%
A72: Noise | B72: 105 | C72: 5 | D72: 3 | E72: 87 | F72: 10 | H72: Noise | I72: 280 | J72: 8 | K72: 136 | L72: 0 | M72: 136 | O72: Noise | P72: 230 | Q72: 0 | R72: 104 | S72: 41 | T72: 85
A73: Only Index1 Fail | B73: 31 | C73: 4 | D73: 2 | E73: 19 | F73: 6 | H73: Only Index1 Fail | I73: 166 | J73: 8 | K73: 99 | L73: 0 | M73: 59 | O73: Only Index1 Fail | P73: 215 | Q73: 0 | R73: 96 | S73: 40 | T73: 79
A74: Only Index2 Fail | B74: 0 | C74: 0 | D74: 0 | E74: 0 | F74: 0 | H74: Only Index2 Fail | I74: 86 | J74: 0 | K74: 26 | L74: 0 | M74: 60 | O74: Only Index2 Fail | P74: 0 | Q74: 0 | R74: 0 | S74: 0 | T74: 0
A75: Only Index3 Fail | B75: 0 | C75: 0 | D75: 0 | E75: 0 | F75: 0 | H75: Only Index3 Fail | I75: 0 | J75: 0 | K75: 0 | L75: 0 | M75: 0 | O75: Only Index3 Fail | P75: 0 | Q75: 0 | R75: 0 | S75: 0 | T75: 0
A76: Multiple Index Fail | B76: 74 | C76: 1 | D76: 1 | E76: 68 | F76: 4 | H76: Multiple Index Fail | I76: 28 | J76: 0 | K76: 11 | L76: 0 | M76: 17 | O76: Multiple Index Fail | P76: 15 | Q76: 0 | R76: 8 | S76: 1 | T76: 6
A77: Spec Fail | B77: 0 | C77: 0 | D77: 0 | E77: 0 | F77: 0 | H77: Spec Fail | I77: 0 | J77: 0 | K77: 0 | L77: 0 | M77: 0 | O77: Spec Fail | P77: 0 | Q77: 0 | R77: 0 | S77: 0 | T77: 0
A78: RPM NG | B78: 327 | C78: 12 | D78: 95 | E78: 132 | F78: 88 | H78: RPM NG | I78: 334 | J78: 136 | K78: 112 | L78: 0 | M78: 86 | O78: RPM NG | P78: 86 | Q78: 33 | R78: 20 | S78: 13 | T78: 20
A79: Out of control | B79: 6 | C79: 0 | D79: 4 | E79: 1 | F79: 1 | H79: Out of control | I79: 6 | J79: 3 | K79: 3 | L79: 0 | M79: 0 | O79: Out of control | P79: 9 | Q79: 4 | R79: 1 | S79: 1 | T79: 3
A80: No rotate | B80: 321 | C80: 12 | D80: 91 | E80: 131 | F80: 87 | H80: No rotate | I80: 328 | J80: 133 | K80: 109 | L80: 0 | M80: 86 | O80: No rotate | P80: 77 | Q80: 29 | R80: 19 | S80: 12 | T80: 17
A81: Others | B81: 26 | C81: 24 | D81: 0 | E81: 0 | F81: 2 | H81: Others | I81: 6 | J81: 6 | K81: 0 | L81: 0 | M81: 0 | O81: Others | P81: 2 | Q81: 1 | R81: 0 | S81: 1 | T81: 0
A82: PauseOrFreeRun | B82: 2 | C82: 0 | D82: 0 | E82: 0 | F82: 2 | H82: PauseOrFreeRun | I82: 0 | J82: 0 | K82: 0 | L82: 0 | M82: 0 | O82: PauseOrFreeRun | P82: 2 | Q82: 1 | R82: 0 | S82: 1 | T82: 0
A83: No Barcode | B83: 24 | C83: 24 | D83: 0 | E83: 0 | F83: 0 | H83: No Barcode | I83: 6 | J83: 6 | K83: 0 | L83: 0 | M83: 0 | O83: No Barcode | P83: 0 | Q83: 0 | R83: 0 | S83: 0 | T83: 0
A84: Model Name | B84: FFB0412VN-00VFE,EFB0412HHDHGN,36204AGJ11 | H84: Model Name | I84: 36204AGV11,36204APG11 | O84: Model Name | P84: 36204AGV11
A85: 46087 | H85: 46118 | O85: 46149
A86: Metric | B86: Total | C86: Station 1 | D86: Station 2 | E86: Station 3 | F86: Station 4 | H86: Metric | I86: Total | J86: Station 1 | K86: Station 2 | L86: Station 3 | M86: Station 4 | O86: Metric | P86: Total | Q86: Station 1 | R86: Station 2 | S86: Station 3 | T86: Station 4
A87: Total Count | B87: 2083 | C87: 2 | D87: 1063 | E87: 0 | F87: 1018 | H87: Total Count | I87: 3602 | J87: 1189 | K87: 1165 | L87: 0 | M87: 1248 | O87: Total Count | P87: 6505 | Q87: 2331 | R87: 1949 | S87: 1834 | T87: 391
A88: Fail Count | B88: 107 | C88: 2 | D88: 45 | E88: 0 | F88: 60 | H88: Fail Count | I88: 414 | J88: 76 | K88: 122 | L88: 0 | M88: 216 | O88: Fail Count | P88: 249 | Q88: 34 | R88: 104 | S88: 69 | T88: 42
A89: Fail Rate | B89: 5.14% | C89: 100.00% | D89: 4.23% | E89: 0 | F89: 5.89% | H89: Fail Rate | I89: 11.49% | J89: 6.39% | K89: 10.47% | L89: 0 | M89: 17.31% | O89: Fail Rate | P89: 3.83% | Q89: 1.46% | R89: 5.34% | S89: 3.76% | T89: 10.74%
A90: Noise Rate | B90: 0.62% | C90: 0.00% | D90: 0.38% | E90: 0 | F90: 0.88% | H90: Noise Rate | I90: 7.55% | J90: 1.85% | K90: 6.27% | L90: 0 | M90: 14.18% | O90: Noise Rate | P90: 2.20% | Q90: 0.00% | R90: 3.69% | S90: 2.51% | T90: 6.39%
A91: RPM Fail Rate | B91: 4.51% | C91: 100.00% | D91: 3.86% | E91: 0.00% | F91: 5.01% | H91: RPM Fail Rate | I91: 3.94% | J91: 4.54% | K91: 4.21% | L91: 0.00% | M91: 3.12% | O91: RPM Fail Rate | P91: 1.63% | Q91: 1.46% | R91: 1.64% | S91: 1.25% | T91: 4.35%
A92: Other Fail Rate | B92: 0.10% | C92: 100.00% | D92: 0.00% | E92: 0.00% | F92: 0.00% | H92: Other Fail Rate | I92: 0.64% | J92: 1.93% | K92: 0.00% | L92: 0.00% | M92: 0.00% | O92: Other Fail Rate | P92: 0.58% | Q92: 0.00% | R92: 0.00% | S92: 0.00% | T92: 9.72%
A93: Noise | B93: 13 | C93: 0 | D93: 4 | E93: 0 | F93: 9 | H93: Noise | I93: 272 | J93: 22 | K93: 73 | L93: 0 | M93: 177 | O93: Noise | P93: 143 | Q93: 0 | R93: 72 | S93: 46 | T93: 25
A94: Only Index1 Fail | B94: 9 | C94: 0 | D94: 3 | E94: 0 | F94: 6 | H94: Only Index1 Fail | I94: 69 | J94: 16 | K94: 21 | L94: 0 | M94: 32 | O94: Only Index1 Fail | P94: 138 | Q94: 0 | R94: 71 | S94: 44 | T94: 23
A95: Only Index2 Fail | B95: 1 | C95: 0 | D95: 0 | E95: 0 | F95: 1 | H95: Only Index2 Fail | I95: 142 | J95: 0 | K95: 31 | L95: 0 | M95: 111 | O95: Only Index2 Fail | P95: 0 | Q95: 0 | R95: 0 | S95: 0 | T95: 0
A96: Only Index3 Fail | B96: 0 | C96: 0 | D96: 0 | E96: 0 | F96: 0 | H96: Only Index3 Fail | I96: 0 | J96: 0 | K96: 0 | L96: 0 | M96: 0 | O96: Only Index3 Fail | P96: 0 | Q96: 0 | R96: 0 | S96: 0 | T96: 0
A97: Multiple Index Fail | B97: 3 | C97: 0 | D97: 1 | E97: 0 | F97: 2 | H97: Multiple Index Fail | I97: 61 | J97: 6 | K97: 21 | L97: 0 | M97: 34 | O97: Multiple Index Fail | P97: 5 | Q97: 0 | R97: 1 | S97: 2 | T97: 2
A98: Spec Fail | B98: 0 | C98: 0 | D98: 0 | E98: 0 | F98: 0 | H98: Spec Fail | I98: 0 | J98: 0 | K98: 0 | L98: 0 | M98: 0 | O98: Spec Fail | P98: 0 | Q98: 0 | R98: 0 | S98: 0 | T98: 0
A99: RPM NG | B99: 94 | C99: 2 | D99: 41 | E99: 0 | F99: 51 | H99: RPM NG | I99: 142 | J99: 54 | K99: 49 | L99: 0 | M99: 39 | O99: RPM NG | P99: 106 | Q99: 34 | R99: 32 | S99: 23 | T99: 17
A100: Out of control | B100: 0 | C100: 0 | D100: 0 | E100: 0 | F100: 0 | H100: Out of control | I100: 0 | J100: 0 | K100: 0 | L100: 0 | M100: 0 | O100: Out of control | P100: 3 | Q100: 0 | R100: 1 | S100: 1 | T100: 1
...

Sheet C215
A1: 46083 | H1: 46113 | O1: 46143
A2: Metric | B2: Total | C2: Station 1 | D2: Station 2 | E2: Station 3 | F2: Station 4 | H2: Metric | I2: Total | J2: Station 1 | K2: Station 2 | L2: Station 3 | M2: Station 4 | O2: Metric | P2: Total | Q2: Station 1 | R2: Station 2 | S2: Station 3 | T2: Station 4
A3: Total Count | B3: 3616 | C3: 1102 | D3: 909 | E3: 796 | F3: 809 | H3: Total Count | I3: 5223 | J3: 1643 | K3: 1220 | L3: 1160 | M3: 1200 | O3: Total Count | P3: 4461 | Q3: 2016 | R3: 0 | S3: 2445 | T3: 0
A4: Fail Count | B4: 41 | C4: 7 | D4: 21 | E4: 6 | F4: 7 | H4: Fail Count | I4: 184 | J4: 8 | K4: 137 | L4: 20 | M4: 19 | O4: Fail Count | P4: 73 | Q4: 27 | R4: 0 | S4: 46 | T4: 0
A5: Fail Rate | B5: 1.13% | C5: 0.64% | D5: 2.31% | E5: 0.75% | F5: 0.87% | H5: Fail Rate | I5: 3.52% | J5: 0.49% | K5: 11.23% | L5: 1.72% | M5: 1.58% | O5: Fail Rate | P5: 1.64% | Q5: 1.34% | R5: 0 | S5: 1.88% | T5: 0
A6: Noise Rate | B6: 1.02% | C6: 0.64% | D6: 2.31% | E6: 0.25% | F6: 0.87% | H6: Noise Rate | I6: 2.91% | J6: 0.37% | K6: 10.82% | L6: 0.69% | M6: 0.50% | O6: Noise Rate | P6: 1.30% | Q6: 1.24% | R6: 0 | S6: 1.35% | T6: 0
A7: RPM Fail Rate | B7: =B5-B6 -> 0.0011 | C7: 0.00% | D7: 0.00% | E7: 0.005 | F7: 0.00% | H7: RPM Fail Rate | I7: =I5-I6 -> 0.0061 | J7: 0.12% | K7: 0.41% | L7: =L5-L6 -> 0.0103 | M7: =M5-M6 -> 0.0108 | O7: RPM Fail Rate | P7: =P15/P3 -> 0.0033624748 | Q7: 0.10% | R7: 0.00% | S7: =S15/S3 -> 0.0053169734 | T7: 0.00%
A8: Other Fail Rate | B8: 0.11% | C8: 0.00% | D8: 0.00% | E8: 0.50% | F8: 0.00% | H8: Other Fail Rate | I8: 0.31% | J8: 0.00% | K8: 0.00% | L8: 0.78% | M8: 0.58% | O8: Other Fail Rate | P8: 0.20% | Q8: 0.00% | R8: 0.00% | S8: 0.37% | T8: 0.00%
A9: Noise | B9: 37 | C9: 7 | D9: 21 | E9: 2 | F9: 7 | H9: Noise | I9: 152 | J9: 6 | K9: 132 | L9: 8 | M9: 6 | O9: Noise | P9: 58 | Q9: 25 | R9: 0 | S9: 33 | T9: 0
A10: Only Index1 Fail | B10: 10 | C10: 2 | D10: 6 | E10: 1 | F10: 1 | H10: Only Index1 Fail | I10: 19 | J10: 3 | K10: 9 | L10: 2 | M10: 5 | O10: Only Index1 Fail | P10: 35 | Q10: 16 | R10: 0 | S10: 19 | T10: 0
A11: Only Index2 Fail | B11: 13 | C11: 4 | D11: 5 | E11: 1 | F11: 3 | H11: Only Index2 Fail | I11: 4 | J11: 0 | K11: 3 | L11: 1 | M11: 0 | O11: Only Index2 Fail | P11: 3 | Q11: 1 | R11: 0 | S11: 2 | T11: 0
A12: Only Index3 Fail | B12: 0 | C12: 0 | D12: 0 | E12: 0 | F12: 0 | H12: Only Index3 Fail | I12: 0 | J12: 0 | K12: 0 | L12: 0 | M12: 0 | O12: Only Index3 Fail | P12: 0 | Q12: 0 | R12: 0 | S12: 0 | T12: 0
A13: Multiple Index Fail | B13: 14 | C13: 1 | D13: 10 | E13: 0 | F13: 3 | H13: Multiple Index Fail | I13: 129 | J13: 3 | K13: 120 | L13: 5 | M13: 1 | O13: Multiple Index Fail | P13: 20 | Q13: 8 | R13: 0 | S13: 12 | T13: 0
A14: Spec Fail | B14: 0 | C14: 0 | D14: 0 | E14: 0 | F14: 0 | H14: Spec Fail | I14: 0 | J14: 0 | K14: 0 | L14: 0 | M14: 0 | O14: Spec Fail | P14: 0 | Q14: 0 | R14: 0 | S14: 0 | T14: 0
A15: RPM NG | B15: 4 | C15: 0 | D15: 0 | E15: 4 | F15: 0 | H15: RPM NG | I15: 32 | J15: 2 | K15: 5 | L15: 12 | M15: 13 | O15: RPM NG | P15: 15 | Q15: 2 | R15: 0 | S15: 13 | T15: 0
A16: Out of control | B16: 0 | C16: 0 | D16: 0 | E16: 0 | F16: 0 | H16: Out of control | I16: 2 | J16: 0 | K16: 2 | L16: 0 | M16: 0 | O16: Out of control | P16: 0 | Q16: 0 | R16: 0 | S16: 0 | T16: 0
A17: No rotate | B17: 4 | C17: 0 | D17: 0 | E17: 4 | F17: 0 | H17: No rotate | I17: 30 | J17: 2 | K17: 3 | L17: 12 | M17: 13 | O17: No rotate | P17: 15 | Q17: 2 | R17: 0 | S17: 13 | T17: 0
A18: Others | B18: 4 | C18: 0 | D18: 0 | E18: 4 | F18: 0 | H18: Others | I18: 16 | J18: 0 | K18: 0 | L18: 9 | M18: 7 | O18: Others | P18: 9 | Q18: 0 | R18: 0 | S18: 9 | T18: 0
A19: PauseOrFreeRun | B19: 4 | C19: 0 | D19: 0 | E19: 4 | F19: 0 | H19: PauseOrFreeRun | I19: 16 | J19: 0 | K19: 0 | L19: 9 | M19: 7 | O19: PauseOrFreeRun | P19: 9 | Q19: 0 | R19: 0 | S19: 9 | T19: 0
A20: No Barcode | B20: 3 | C20: 0 | D20: 0 | E20: 3 | F20: 0 | H20: No Barcode | I20: 0 | J20: 0 | K20: 0 | L20: 0 | M20: 0 | O20: No Barcode | P20: 0 | Q20: 0 | R20: 0 | S20: 0 | T20: 0
A21: Model Name | B21: EFB0412HHDFAT C | H21: Model Name | I21: TAA0412CD-AF83 A | O21: Model Name | P21: TAA0412CD-BD1A A
A22: 46084 | H22: 46114 | O22: Line_215
A23: Metric | B23: Total | C23: Station 1 | D23: Station 2 | E23: Station 3 | F23: Station 4 | H23: Metric | I23: Total | J23: Station 1 | K23: Station 2 | L23: Station 3 | M23: Station 4 | O23: Metric | P23: Total | Q23: Station 1 | R23: Station 2 | S23: Station 3 | T23: Station 4
A24: Total Count | B24: 2147 | C24: 573 | D24: 662 | E24: 450 | F24: 462 | H24: Total Count | I24: 6521 | J24: 494 | K24: 2040 | L24: 2078 | M24: 1909 | O24: Total Count | P24: 1068 | Q24: 1064 | R24: 0 | S24: 4 | T24: 0
A25: Fail Count | B25: 53 | C25: 10 | D25: 37 | E25: 2 | F25: 4 | H25: Fail Count | I25: 112 | J25: 4 | K25: 52 | L25: 40 | M25: 16 | O25: Fail Count | P25: 11 | Q25: 7 | R25: 0 | S25: 4 | T25: 0
A26: Fail Rate | B26: 2.47% | C26: 1.75% | D26: 5.59% | E26: 0.44% | F26: 0.87% | H26: Fail Rate | I26: 1.72% | J26: 0.81% | K26: 2.55% | L26: 1.92% | M26: 0.84% | O26: Fail Rate | P26: 1.03% | Q26: 0.66% | R26: 0 | S26: 100.00% | T26: 0
A27: Noise Rate | B27: 2.42% | C27: 1.75% | D27: 5.59% | E27: 0.44% | F27: 0.65% | H27: Noise Rate | I27: 1.15% | J27: 0.40% | K27: 2.16% | L27: 1.06% | M27: 0.37% | O27: Noise Rate | P27: 0.56% | Q27: 0.56% | R27: 0 | S27: 0.00% | T27: 0
A28: RPM Fail Rate | B28: =B26-B27 -> 0.0005 | C28: 0.00% | D28: 0.00% | E28: 0.00% | F28: =F26-F27 -> 0.0022 | H28: RPM Fail Rate | I28: =I26-I27 -> 0.0057 | J28: 0.40% | K28: 0.39% | L28: =L26-L27 -> 0.0086 | M28: =M26-M27 -> 0.0047 | O28: RPM Fail Rate | P28: 0.47% | Q28: 0.09% | R28: 0.00% | S28: 100.00% | T28: 0.00%
A29: Other Fail Rate | B29: 0.09% | C29: 0.00% | D29: 0.15% | E29: 0.00% | F29: 0.22% | H29: Other Fail Rate | I29: 0.25% | J29: 0.00% | K29: 0.00% | L29: 0.53% | M29: 0.26% | O29: Other Fail Rate | P29: 0.37% | Q29: 0.00% | R29: 0.00% | S29: 100.00% | T29: 0.00%
A30: Noise | B30: 52 | C30: 10 | D30: 37 | E30: 2 | F30: 3 | H30: Noise | I30: 75 | J30: 2 | K30: 44 | L30: 22 | M30: 7 | O30: Noise | P30: 6 | Q30: 6 | R30: 0 | S30: 0 | T30: 0
A31: Only Index1 Fail | B31: 8 | C31: 1 | D31: 4 | E31: 2 | F31: 1 | H31: Only Index1 Fail | I31: 19 | J31: 2 | K31: 5 | L31: 8 | M31: 4 | O31: Only Index1 Fail | P31: 6 | Q31: 6 | R31: 0 | S31: 0 | T31: 0
A32: Only Index2 Fail | B32: 9 | C32: 3 | D32: 6 | E32: 0 | F32: 0 | H32: Only Index2 Fail | I32: 8 | J32: 0 | K32: 0 | L32: 7 | M32: 1 | O32: Only Index2 Fail | P32: 0 | Q32: 0 | R32: 0 | S32: 0 | T32: 0
A33: Only Index3 Fail | B33: 0 | C33: 0 | D33: 0 | E33: 0 | F33: 0 | H33: Only Index3 Fail | I33: 0 | J33: 0 | K33: 0 | L33: 0 | M33: 0 | O33: Only Index3 Fail | P33: 0 | Q33: 0 | R33: 0 | S33: 0 | T33: 0
A34: Multiple Index Fail | B34: 35 | C34: 6 | D34: 27 | E34: 0 | F34: 2 | H34: Multiple Index Fail | I34: 48 | J34: 0 | K34: 39 | L34: 7 | M34: 2 | O34: Multiple Index Fail | P34: 0 | Q34: 0 | R34: 0 | S34: 0 | T34: 0
A35: Spec Fail | B35: 0 | C35: 0 | D35: 0 | E35: 0 | F35: 0 | H35: Spec Fail | I35: 0 | J35: 0 | K35: 0 | L35: 0 | M35: 0 | O35: Spec Fail | P35: 0 | Q35: 0 | R35: 0 | S35: 0 | T35: 0
A36: RPM NG | B36: 1 | C36: 0 | D36: 0 | E36: 0 | F36: 1 | H36: RPM NG | I36: 45 | J36: 2 | K36: 8 | L36: 17 | M36: 9 | O36: RPM NG | P36: 5 | Q36: 1 | R36: 0 | S36: 4 | T36: 0
A37: Out of control | B37: 0 | C37: 0 | D37: 0 | E37: 0 | F37: 0 | H37: Out of control | I37: 9 | J37: 0 | K37: 0 | L37: 0 | M37: 0 | O37: Out of control | P37: 0 | Q37: 0 | R37: 0 | S37: 0 | T37: 0
A38: No rotate | B38: 1 | C38: 0 | D38: 0 | E38: 0 | F38: 1 | H38: No rotate | I38: 36 | J38: 2 | K38: 8 | L38: 17 | M38: 9 | O38: No rotate | P38: 5 | Q38: 1 | R38: 0 | S38: 4 | T38: 0
A39: Others | B39: 2 | C39: 0 | D39: 1 | E39: 0 | F39: 1 | H39: Others | I39: 16 | J39: 0 | K39: 0 | L39: 11 | M39: 5 | O39: Others | P39: 4 | Q39: 0 | R39: 0 | S39: 4 | T39: 0
A40: PauseOrFreeRun | B40: 1 | C40: 0 | D40: 0 | E40: 0 | F40: 1 | H40: PauseOrFreeRun | I40: 16 | J40: 0 | K40: 0 | L40: 11 | M40: 5 | O40: PauseOrFreeRun | P40: 4 | Q40: 0 | R40: 0 | S40: 4 | T40: 0
A41: No Barcode | B41: 1 | C41: 0 | D41: 1 | E41: 0 | F41: 0 | H41: No Barcode | I41: 0 | J41: 0 | K41: 0 | L41: 0 | M41: 0 | O41: No Barcode | P41: 0 | Q41: 0 | R41: 0 | S41: 0 | T41: 0
A42: Model Name | B42: EFB0412HHDFAT C,EFB0412HHDHGN | H42: Model Name | I42: TAA0412CD-AF83 A | O42: Model Name | P42: TAA0412CD-BD1A A
A43: 46085 | H43: 46115 | O43: 46147
A44: Metric | B44: Total | C44: Station 1 | D44: Station 2 | E44: Station 3 | F44: Station 4 | H44: Metric | I44: Total | J44: Station 1 | K44: Station 2 | L44: Station 3 | M44: Station 4 | O44: Metric | P44: Total | Q44: Station 1 | R44: Station 2 | S44: Station 3 | T44: Station 4
A45: Total Count | B45: 2973 | C45: 962 | D45: 745 | E45: 650 | F45: 616 | H45: Total Count | I45: 6063 | J45: 1815 | K45: 1449 | L45: 1400 | M45: 1399 | O45: Total Count | P45: 3953 | Q45: 1900 | R45: 1 | S45: 2052 | T45: 0
A46: Fail Count | B46: 49 | C46: 15 | D46: 19 | E46: 9 | F46: 6 | H46: Fail Count | I46: 89 | J46: 18 | K46: 18 | L46: 26 | M46: 27 | O46: Fail Count | P46: 38 | Q46: 13 | R46: 1 | S46: 24 | T46: 0
A47: Fail Rate | B47: 1.65% | C47: 1.56% | D47: 2.55% | E47: 1.38% | F47: 0.97% | H47: Fail Rate | I47: 1.47% | J47: 0.99% | K47: 1.24% | L47: 1.86% | M47: 1.93% | O47: Fail Rate | P47: 0.96% | Q47: 0.68% | R47: 100.00% | S47: 1.17% | T47: 0
A48: Noise Rate | B48: 1.58% | C48: 1.56% | D48: 2.55% | E48: 1.08% | F48: 0.97% | H48: Noise Rate | I48: 0.78% | J48: 0.66% | K48: 0.48% | L48: 1.07% | M48: 0.93% | O48: Noise Rate | P48: 0.63% | Q48: 0.53% | R48: 0.00% | S48: 0.73% | T48: 0
